genome_name	original_name	genome_size	completeness	redundancy	taxonomy	gtdb_taxonomy
archaea00015	GCA_000011005.1	2.96	100	0.6535947712418301	Methanocella paludicola SANAE 	d__Archaea;p__Halobacterota;c__Methanosarcinia;o__Methanocellales;f__Methanocellaceae;g__Methanocella;s__
archaea00024	GCA_000013445.1	3.54	99.01960784313725	0.32679738562091504	Methanospirillum hungatei JF-1 	d__Archaea;p__Halobacterota;c__Methanomicrobia;o__Methanomicrobiales;f__;g__;s__
archaea00041	GCA_000017625.1	2.54	99.54248366013073	1.3071895424836601	Methanoregula boonei 6A8 	d__Archaea;p__Halobacterota;c__Methanomicrobia;o__Methanomicrobiales;f__Methanoregulaceae;g__Methanoregula;s__
archaea00050	GCA_000021965.1	2.92	99.83552631578948	0	Methanosphaerula palustris E1-9c 	d__Archaea;p__Halobacterota;c__Methanomicrobia;o__Methanomicrobiales;f__Methanoregulaceae;g__;s__
archaea00075	GCA_000063445.1	3.18	100	0	Methanocella arvoryzae MRE50 	d__Archaea;p__Halobacterota;c__Methanosarcinia;o__Methanocellales;f__Methanocellaceae;g__;s__
archaea00142	GCA_000306725.1	3.07	99.83660130718954	0	Methanolobus psychrophilus R15 	d__Archaea;p__Halobacterota;c__Methanosarcinia;o__Methanosarcinales;f__Methanosarcinaceae;g__Methanolobus_A;s__
archaea00145	GCA_000327485.1	2.82	99.86928104575165	0	Methanoregula formicica SMSP 	d__Archaea;p__Halobacterota;c__Methanomicrobia;o__Methanomicrobiales;f__Methanoregulaceae;g__Methanoregula;s__
archaea00148	GCA_000328665.1	2.71	99.83660130718954	0.32679738562091504	Methanomethylovorans hollandica DSM 15978 	d__Archaea;p__Halobacterota;c__Methanosarcinia;o__Methanosarcinales;f__Methanosarcinaceae;g__Methanomethylovorans;s__
archaea00312	GCA_002494705.1	1.71	95	0	Methanomassiliicoccus sp. UBA238	d__Archaea;p__Thermoplasmatota;c__Thermoplasmata_A;o__Methanomassiliicoccales;f__Methanomassiliicoccaceae;g__DTU008;s__
archaea00357	GCA_002495585.1	2.13	95.16129032258064	0.8064516129032258	Methanomassiliicoccus sp. UBA292	d__Archaea;p__Thermoplasmatota;c__Thermoplasmata_A;o__Methanomassiliicoccales;f__Methanomassiliicoccaceae;g__DTU008;s__
archaea00394	GCA_002496345.1	1.96	94.90281224152193	0	Methanomassiliicoccus sp. UBA382	d__Archaea;p__Thermoplasmatota;c__Thermoplasmata_A;o__Methanomassiliicoccales;f__Methanomassiliicoccaceae;g__DTU008;s__
archaea00477	GCA_002497995.1	2.01	97.58064516129032	0.8064516129032258	Methanomassiliicoccus sp. UBA393	d__Archaea;p__Thermoplasmatota;c__Thermoplasmata_A;o__Methanomassiliicoccales;f__Methanomassiliicoccaceae;g__DTU008;s__
archaea00496	GCA_002498375.1	1.56	96.88741721854306	0	Methanocorpusculum sp. UBA424	d__Archaea;p__Halobacterota;c__Methanomicrobia;o__Methanomicrobiales;f__Methanocorpusculaceae;g__Methanocorpusculum;s__
archaea00512	GCA_002498705.1	 1.6	96.86092715231788	0.6622516556291391	Methanocorpusculum sp. UBA362	d__Archaea;p__Halobacterota;c__Methanomicrobia;o__Methanomicrobiales;f__Methanocorpusculaceae;g__Methanocorpusculum;s__
archaea00518	GCA_002498825.1	2.51	96.40522875816994	0	Methanolinea sp. UBA437	d__Archaea;p__Halobacterota;c__Methanomicrobia;o__Methanomicrobiales;f__Methanoregulaceae;g__Methanolinea;s__
archaea00529	GCA_002499025.1	2.16	91.44461203284733	0	Methanoregula sp. UBA143	d__Archaea;p__Halobacterota;c__Methanomicrobia;o__Methanomicrobiales;f__Methanoregulaceae;g__Methanoregula;s__
archaea00568	GCA_002499825.1	2.67	98.36601307189542	2.6143790849673203	Methanolinea sp. UBA245	d__Archaea;p__Halobacterota;c__Methanomicrobia;o__Methanomicrobiales;f__Methanoregulaceae;g__Methanolinea;s__
archaea00572	GCA_002499905.1	1.95	99.67320261437908	1.3071895424836601	Methanolinea sp. UBA277	d__Archaea;p__Halobacterota;c__Methanomicrobia;o__Methanomicrobiales;f__Methanoregulaceae;g__UBA9949;s__
archaea00631	GCA_002502735.1	2.38	99.54248366013073	1.3071895424836601	Methanoregula sp. UBA64	d__Archaea;p__Halobacterota;c__Methanomicrobia;o__Methanomicrobiales;f__Methanoregulaceae;g__Methanoregula;s__
archaea00643	GCA_002502975.1	2.43	94.44444444444444	1.4379084967320264	Methanolinea sp. UBA451	d__Archaea;p__Halobacterota;c__Methanomicrobia;o__Methanomicrobiales;f__Methanoregulaceae;g__Methanolinea;s__
archaea00685	GCA_002503825.1	2.84	99.67320261437908	1.3071895424836601	Methanoregulaceae archaeon UBA467	d__Archaea;p__Halobacterota;c__Methanomicrobia;o__Methanomicrobiales;f__Methanoregulaceae;g__;s__
archaea00704	GCA_002504525.1	2.13	95.03722084367246	0	Methanomassiliicoccus sp. UBA345	d__Archaea;p__Thermoplasmatota;c__Thermoplasmata_A;o__Methanomassiliicoccales;f__Methanomassiliicoccaceae;g__DTU008;s__
archaea00738	GCA_002505225.1	2.26	92.750097949588607	0	Methanomassiliicoccus sp. UBA429	d__Archaea;p__Thermoplasmatota;c__Thermoplasmata_A;o__Methanomassiliicoccales;f__Methanomassiliicoccaceae;g__DTU008;s__
archaea00781	GCA_002506085.1	1.81	97.7124183006536	0.6535947712418301	Methanocorpusculaceae archaeon UBA425	d__Archaea;p__Halobacterota;c__Methanomicrobia;o__Methanomicrobiales;f__Methanocorpusculaceae;g__Methanocorpusculum;s__
archaea00783	GCA_002506105.1	2.23	93.79084967320262	0	Methanolinea sp. UBA275	d__Archaea;p__Halobacterota;c__Methanomicrobia;o__Methanomicrobiales;f__Methanoregulaceae;g__Methanolinea;s__
archaea00816	GCA_002506785.1	2.48	95.66783978548683	0.32679738562091504	Methanoregula sp. UBA452	d__Archaea;p__Halobacterota;c__Methanomicrobia;o__Methanomicrobiales;f__Methanoregulaceae;g__Methanoregula;s__
archaea00857	GCA_002508425.1	2.47	95.26143790849673	2.9411764705882355	Methanosarcinaceae archaeon UBA470	d__Archaea;p__Halobacterota;c__Methanosarcinia;o__Methanosarcinales;f__Methanosarcinaceae;g__Methanomethylovorans;s__
archaea00863	GCA_002508545.1	2.36	97.31182795698926	0.8064516129032258	Methanomassiliicoccus sp. UBA6	d__Archaea;p__Thermoplasmatota;c__Thermoplasmata_A;o__Methanomassiliicoccales;f__Methanomassiliicoccaceae;g__UBA10881;s__
archaea00911	GCA_002509495.1	 2.2	92.3202614379085	0	Methanolinea sp. UBA473	d__Archaea;p__Halobacterota;c__Methanomicrobia;o__Methanomicrobiales;f__Methanoregulaceae;g__Methanolinea;s__
archaea00912	GCA_002509505.1	2.45	97.07977207977207	1.9607843137254901	Methanolinea sp. UBA155	d__Archaea;p__Halobacterota;c__Methanomicrobia;o__Methanomicrobiales;f__Methanoregulaceae;g__Methanolinea;s__
archaea00943	GCA_003135935.1	2.08	94.23076923076923	0.8064516129032258	Methanomassiliicoccaceae archaeon	d__Archaea;p__Thermoplasmatota;c__Thermoplasmata_A;o__Methanomassiliicoccales;f__;g__;s__
archaea00981	GCA_003157895.1	2.03	90.28104575163398	0.16339869281045752	Methanoregula sp.	d__Archaea;p__Halobacterota;c__Methanomicrobia;o__Methanomicrobiales;f__Methanoregulaceae;g__Methanoregula;s__
archaea01023	GCA_003170075.1	1.92	99.54248366013073	1.5250544662309367	Methanoregula sp.	d__Archaea;p__Halobacterota;c__Methanomicrobia;o__Methanomicrobiales;f__Methanoregulaceae;g__Methanoregula;s__
archaea01059	KMBP001E.conconct.310_sub.contigs	3.17	90.24384112619407	3.4313725490196076	Euryarchaeota	d__Archaea;p__Halobacterota;c__Methanomicrobia;o__Methanomicrobiales;f__Methanoregulaceae;g__Methanoregula;s__
bacteria00229	2593339183	 3.8	93.36419753086419	0	Proteobacteria	d__Bacteria;p__Desulfobacterota;c__Desulfobulbia;o__Desulfobulbales;f__Desulfobulbaceae;g__;s__
bacteria00506	GCA_000007985.2	3.81	99.35483870967742	0	Geobacter sulfurreducens PCA 	d__Bacteria;p__Desulfuromonadota;c__Desulfuromonadia;o__Geobacterales;f__Geobacteraceae;g__Geobacter;s__
bacteria00725	GCA_000012925.1	4.01	99.4162826420891	0	Geobacter metallireducens GS-15 	d__Bacteria;p__Desulfuromonadota;c__Desulfuromonadia;o__Geobacterales;f__Geobacteraceae;g__Geobacter;s__
bacteria00749	GCA_000013405.1	3.18	96.42857142857143	3.870967741935484	Syntrophus aciditrophicus SB 	d__Bacteria;p__Desulfobacterota;c__Syntrophia;o__Syntrophales;f__Syntrophaceae;g__Syntrophus;s__
bacteria00897	GCA_000016745.1	5.14	97.6600102406554	0	Geobacter uraniireducens Rf4 	d__Bacteria;p__Desulfuromonadota;c__Desulfuromonadia;o__Geobacterales;f__Geobacteraceae;g__Geobacter_B;s__
bacteria01071	GCA_000020725.1	4.62	99.78494623655915	0	Geobacter bemidjiensis Bem 	d__Bacteria;p__Desulfuromonadota;c__Desulfuromonadia;o__Geobacterales;f__Geobacteraceae;g__Geobacter_A;s__
bacteria01141	GCA_000022265.1	 4.3	99.35483870967742	0	Geobacter daltonii FRC-32 	d__Bacteria;p__Desulfuromonadota;c__Desulfuromonadia;o__Geobacterales;f__Geobacteraceae;g__Geobacter_B;s__
bacteria01181	GCA_000023225.1	3.94	99.95590828924162	0	Desulfomicrobium baculatum DSM 4028 	d__Bacteria;p__Desulfobacterota;c__Desulfovibrionia;o__Desulfovibrionales;f__Desulfomicrobiaceae;g__Desulfomicrobium;s__
bacteria01199	GCA_000023645.1	4.75	100	0	Geobacter sp. M21 	d__Bacteria;p__Desulfuromonadota;c__Desulfuromonadia;o__Geobacterales;f__Geobacteraceae;g__Geobacter_A;s__
bacteria01616	GCA_000175115.2	5.28	100	0	Geobacter sp. M18 	d__Bacteria;p__Desulfuromonadota;c__Desulfuromonadia;o__Geobacterales;f__Geobacteraceae;g__Geobacter_A;s__
bacteria01626	GCA_000176915.2	3.63	99.40828402366864	0	Pseudodesulfovibrio aespoeensis Aspo-2 	d__Bacteria;p__Desulfobacterota;c__Desulfovibrionia;o__Desulfovibrionales;f__Desulfovibrionaceae;g__Pseudodesulfovibrio;s__
bacteria01635	GCA_000178115.2	3.01	97.31543624161074	0.33557046979865773	Ethanoligenens harbinense YUAN-3 	d__Bacteria;p__Firmicutes_A;c__Clostridia;o__Oscillospirales;f__Ethanoligenenaceae;g__Ethanoligenens;s__
bacteria01699	GCA_000186885.1	3.85	99.15123456790124	0	Desulfobulbus propionicus DSM 2032 	d__Bacteria;p__Desulfobacterota;c__Desulfobulbia;o__Desulfobulbales;f__Desulfobulbaceae;g__Desulfobulbus;s__
bacteria01708	GCA_000189295.2	3.86	100	0.591715976331361	Desulfovibrio desulfuricans ND132 	d__Bacteria;p__Desulfobacterota;c__Desulfovibrionia;o__Desulfovibrionales;f__Desulfovibrionaceae;g__Pseudodesulfovibrio;s__
bacteria01723	GCA_000190635.1	3.41	100	0.34013605442176864	Syntrophobotulus glycolicus DSM 8271 	d__Bacteria;p__Firmicutes_B;c__Desulfitobacteriia;o__Desulfitobacteriales;f__Syntrophobotulaceae;g__;s__
bacteria01866	GCA_000210155.1	3.71	99.35483870967742	0	Geobacter sulfurreducens KN400 	d__Bacteria;p__Desulfuromonadota;c__Desulfuromonadia;o__Geobacterales;f__Geobacteraceae;g__Geobacter;s__
bacteria01900	GCA_000212675.2	 4.2	100	0	Desulfovibrio africanus str. Walvis Bay 	d__Bacteria;p__Desulfobacterota;c__Desulfovibrionia;o__Desulfovibrionales;f__Desulfovibrionaceae;g__;s__
bacteria02048	GCA_000231405.3	3.18	99.36224489795919	0.977891156462585	Desulfitobacterium metallireducens DSM 15288 	d__Bacteria;p__Firmicutes_B;c__Desulfitobacteriia;o__Desulfitobacteriales;f__Desulfitobacteriaceae;g__;s__
bacteria02069	GCA_000235605.1	5.86	99.17091836734694	0.5102040816326531	Desulfosporosinus orientis DSM 765 	d__Bacteria;p__Firmicutes_B;c__Desulfitobacteriia;o__Desulfitobacteriales;f__Desulfitobacteriaceae;g__Desulfosporosinus;s__
bacteria02134	GCA_000243135.3	3.62	97.95918367346938	1.3605442176870746	Desulfitobacterium dichloroeliminans LMG P-21439 	d__Bacteria;p__Firmicutes_B;c__Desulfitobacteriia;o__Desulfitobacteriales;f__Desulfitobacteriaceae;g__Desulfitobacterium;s__
bacteria02135	GCA_000243155.3	4.32	98.72448979591837	3.9753401360544216	Desulfitobacterium dehalogenans ATCC 51507 	d__Bacteria;p__Firmicutes_B;c__Desulfitobacteriia;o__Desulfitobacteriales;f__Desulfitobacteriaceae;g__Desulfitobacterium;s__
bacteria02180	GCA_000255115.3	4.99	99.48979591836735	2.4149659863945576	Desulfosporosinus acidiphilus SJ4 	d__Bacteria;p__Firmicutes_B;c__Desulfitobacteriia;o__Desulfitobacteriales;f__Desulfitobacteriaceae;g__Desulfosporosinus;s__
bacteria02248	GCA_000266945.1	6.53	98.38709677419355	1.2903225806451613	Desulfomonile tiedjei DSM 6799 	d__Bacteria;p__Desulfobacterota;c__Desulfomonilia;o__;f__;g__;s__
bacteria02472	GCA_000305775.1	3.07	99.93622448979592	0	Dehalobacter sp. DCA 	d__Bacteria;p__Firmicutes_B;c__Desulfitobacteriia;o__Desulfitobacteriales;f__Syntrophobotulaceae;g__;s__
bacteria02474	GCA_000305815.1	3.09	99.93622448979592	0	Dehalobacter sp. CF 	d__Bacteria;p__Firmicutes_B;c__Desulfitobacteriia;o__Desulfitobacteriales;f__Syntrophobotulaceae;g__;s__
bacteria02631	GCA_000341655.1	1.43	99.00990099009901	0	Dehalococcoides mccartyi DCMB5 	d__Bacteria;p__Chloroflexota;c__Dehalococcoidia;o__Dehalococcoidales;f__Dehalococcoidaceae;g__Dehalococcoides;s__
bacteria03013	GCA_000512895.1	2.94	99.93622448979592	0.46768707482993194	Dehalobacter restrictus DSM 9455 	d__Bacteria;p__Firmicutes_B;c__Desulfitobacteriia;o__Desulfitobacteriales;f__Syntrophobotulaceae;g__;s__
bacteria03712	GCA_000817955.1	3.62	99.83870967741936	0	Geobacter pickeringii 	d__Bacteria;p__Desulfuromonadota;c__Desulfuromonadia;o__Geobacterales;f__Geobacteraceae;g__Geobacter;s__
bacteria04577	GCA_001278055.1	3.96	99.03225806451613	0.6451612903225806	Desulfuromonas soudanensis 	d__Bacteria;p__Desulfuromonadota;c__Desulfuromonadia;o__Desulfuromonadales;f__Desulfuromonadaceae_A;g__;s__
bacteria05209	GCA_001563225.1	3.97	98.81656804733728	0	Pseudodesulfovibrio indicus 	d__Bacteria;p__Desulfobacterota;c__Desulfovibrionia;o__Desulfovibrionales;f__Desulfovibrionaceae;g__Pseudodesulfovibrio;s__
bacteria05316	GCA_001595385.3	2.79	94.83870967741936	1.935483870967742	Deltaproteobacteria bacterium GWC2_55_46	d__Bacteria;p__GWC2-55-46;c__GWC2-55-46;o__GWC2-55-46;f__GWC2-55-46;g__GWC2-55-46;s__
bacteria05416	GCA_001611275.1	3.92	99.35483870967742	0	Desulfuromonas sp. DDH964 	d__Bacteria;p__Desulfuromonadota;c__Desulfuromonadia;o__Desulfuromonadales;f__;g__;s__
bacteria05491	GCA_001628815.1	3.67	97.8494623655914	0	Geobacter anodireducens 	d__Bacteria;p__Desulfuromonadota;c__Desulfuromonadia;o__Geobacterales;f__Geobacteraceae;g__Geobacter;s__
bacteria06329	GCA_001768975.1	4.96	91.28306878306879	1.1904761904761905	Bacteroidetes bacterium GWA2_31_9	d__Bacteria;p__Bacteroidota;c__Bacteroidia;o__Bacteroidales;f__GWF2-33-38;g__GWA2-31-9;s__
bacteria06331	GCA_001769035.1	4.77	95.47619047619048	1.1904761904761905	Bacteroidetes bacterium GWA2_32_17	d__Bacteria;p__Bacteroidota;c__Bacteroidia;o__Bacteroidales;f__GWA2-32-17;g__GWA2-32-17;s__
bacteria06336	GCA_001769125.1	5.98	98.38709677419355	1.075268817204301	Bacteroidetes bacterium GWF2_35_48	d__Bacteria;p__Bacteroidota;c__Bacteroidia;o__Bacteroidales;f__;g__;s__
bacteria06350	GCA_001769395.1	5.19	92.831541218638	1.6129032258064515	Bacteroidetes bacterium RIFOXYA12_FULL_35_11	d__Bacteria;p__Bacteroidota;c__Bacteroidia;o__Bacteroidales;f__;g__;s__
bacteria06781	GCA_001778375.1	   3	93.19233311302048	1.1235955056179776	Candidatus Firestonebacteria bacterium RIFOXYD2_FULL_39_29	d__Bacteria;p__Firestonebacteria;c__D2-FULL-39-29;o__D2-FULL-39-29;f__D2-FULL-39-29;g__D2-FULL-39-29;s__
bacteria06881	GCA_001780375.1	3.13	94.31592861863847	2.247191011235955	Candidatus Firestonebacteria bacterium RIFOXYC2_FULL_39_67	d__Bacteria;p__Firestonebacteria;c__D2-FULL-39-29;o__D2-FULL-39-29;f__D2-FULL-39-29;g__D2-FULL-39-29;s__
bacteria07317	GCA_001789205.1	5.43	97.8021978021978	2.197802197802198	Candidatus Raymondbacteria bacterium RIFOXYA2_FULL_49_16	d__Bacteria;p__Fibrobacterota;c__OXYB2-FULL-49-7;o__OXYB2-FULL-49-7;f__;g__;s__
bacteria07320	GCA_001789275.1	5.34	96.50937297996121	2.197802197802198	Candidatus Raymondbacteria bacterium RIFOXYD12_FULL_49_13	d__Bacteria;p__Fibrobacterota;c__OXYB2-FULL-49-7;o__OXYB2-FULL-49-7;f__;g__;s__
bacteria07594	GCA_001794965.1	3.37	99.0909090909091	0.9090909090909091	Chloroflexi bacterium GWD2_49_16	d__Bacteria;p__Chloroflexota;c__Anaerolineae;o__Anaerolineales;f__envOPS12;g__;s__
bacteria07623	GCA_001795545.1	2.74	94.83870967741936	1.935483870967742	Deltaproteobacteria bacterium GWA2_55_82	d__Bacteria;p__GWC2-55-46;c__GWC2-55-46;o__GWC2-55-46;f__GWC2-55-46;g__GWC2-55-46;s__
bacteria07624	GCA_001795575.1	2.34	92.43697478991596	1.680672268907563	Deltaproteobacteria bacterium GWB2_65_81	d__Bacteria;p__MBNT15;c__MBNT15;o__MBNT15;f__MBNT15;g__CG2-30-66-27;s__
bacteria07662	GCA_001796335.1	3.37	99.0909090909091	0.9090909090909091	Chloroflexi bacterium GWB2_49_20	d__Bacteria;p__Chloroflexota;c__Anaerolineae;o__Anaerolineales;f__envOPS12;g__;s__
bacteria07664	GCA_001796365.1	3.41	99.0909090909091	0.9090909090909091	Chloroflexi bacterium GWC2_49_37	d__Bacteria;p__Chloroflexota;c__Anaerolineae;o__Anaerolineales;f__envOPS12;g__;s__
bacteria07719	GCA_001797465.1	2.63	94.83870967741936	2.2580645161290325	Deltaproteobacteria bacterium GWB2_55_19	d__Bacteria;p__GWC2-55-46;c__GWC2-55-46;o__GWC2-55-46;f__GWC2-55-46;g__;s__
bacteria07723	GCA_001797525.1	5.45	97.8021978021978	2.197802197802198	Candidatus Raymondbacteria bacterium RIFOXYB2_FULL_49_35	d__Bacteria;p__Fibrobacterota;c__OXYB2-FULL-49-7;o__OXYB2-FULL-49-7;f__;g__;s__
bacteria07738	GCA_001797845.1	2.43	93.87096774193549	1.3261648745519712	Deltaproteobacteria bacterium RBG_16_44_11	d__Bacteria;p__Desulfobacterota;c__Syntrophia;o__Syntrophales;f__Smithellaceae;g__UBA4810;s__
bacteria07767	GCA_001798425.1	2.71	91.45161290322581	1.935483870967742	Deltaproteobacteria bacterium RIFCSPLOWO2_02_FULL_55_12	d__Bacteria;p__GWC2-55-46;c__GWC2-55-46;o__GWC2-55-46;f__GWC2-55-46;g__GWC2-55-46;s__
bacteria07809	GCA_001799275.1	3.84	93.20987654320989	1.1904761904761905	Deltaproteobacteria bacterium RIFOXYD12_FULL_57_12	d__Bacteria;p__Desulfobacterota;c__Desulfobulbia;o__Desulfobulbales;f__;g__;s__
bacteria07810	GCA_001799285.1	3.04	94.27910052910053	0	Deltaproteobacteria bacterium RIFOXYD12_FULL_56_24	d__Bacteria;p__Desulfobacterota;c__Desulfobulbia;o__Desulfobulbales;f__Desulfurivibrionaceae;g__UBA2262;s__
bacteria07814	GCA_001799365.1	4.51	91.90602166792644	0.8928571428571429	Desulfobacterales bacterium GWB2_56_26	d__Bacteria;p__Desulfobacterota;c__Desulfobulbia;o__Desulfobulbales;f__Desulfocapsaceae;g__Desulforhopalus;s__
bacteria07815	GCA_001799395.1	4.74	97.41935483870968	0.9907834101382488	Desulfobacterales bacterium RIFOXYA12_FULL_46_15	d__Bacteria;p__Desulfobacterota;c__Desulfobacteria;o__Desulfobacterales;f__Desulfobacteraceae;g__Desulfobacula;s__
bacteria07832	GCA_001799735.1	3.06	92.84984678243106	1.1235955056179776	Elusimicrobia bacterium GWB2_63_22	d__Bacteria;p__Elusimicrobiota;c__Elusimicrobia;o__Elusimicrobiales;f__UBA9959;g__UBA9959;s__
bacteria07857	GCA_001800235.1	2.28	96.56311962987442	0	Elusimicrobia bacterium RIFOXYA12_FULL_49_49	d__Bacteria;p__Elusimicrobiota;c__Endomicrobia;o__Endomicrobiales;f__XYA2-FULL-47-53;g__;s__
bacteria07861	GCA_001800315.1	2.41	96.56311962987442	0	Elusimicrobia bacterium RIFOXYA2_FULL_47_53	d__Bacteria;p__Elusimicrobiota;c__Endomicrobia;o__Endomicrobiales;f__XYA2-FULL-47-53;g__;s__
bacteria07869	GCA_001800475.1	 2.4	96.56311962987442	0	Elusimicrobia bacterium RIFOXYB2_FULL_46_23	d__Bacteria;p__Elusimicrobiota;c__Endomicrobia;o__Endomicrobiales;f__XYA2-FULL-47-53;g__;s__
bacteria08015	GCA_001803605.1	2.29	92.27272727272727	0.9090909090909091	Nitrospirae bacterium GWA2_46_11	d__Bacteria;p__Nitrospirota;c__Thermodesulfovibrionia;o__Thermodesulfovibrionales;f__UBA9935;g__;s__
bacteria08017	GCA_001803635.1	2.47	96.36363636363636	0	Nitrospirae bacterium GWB2_47_37	d__Bacteria;p__Nitrospirota;c__Thermodesulfovibrionia;o__Thermodesulfovibrionales;f__UBA9935;g__;s__
bacteria08032	GCA_001803945.1	1.93	94.54545454545455	0.9090909090909091	Nitrospirae bacterium RIFOXYA2_FULL_44_9	d__Bacteria;p__Nitrospirota;c__Thermodesulfovibrionia;o__Thermodesulfovibrionales;f__UBA1546;g__UBA1546;s__
bacteria08078	GCA_001804865.1	5.05	91.38513513513513	4.083431257344301	Lentisphaerae bacterium GWF2_57_35	d__Bacteria;p__Verrucomicrobiota;c__Kiritimatiellae;o__LD1-PB3;f__;g__;s__
bacteria08090	GCA_001805105.1	1.99	95.45454545454545	0.9090909090909091	Nitrospirae bacterium GWF2_44_13	d__Bacteria;p__Nitrospirota;c__Thermodesulfovibrionia;o__Thermodesulfovibrionales;f__UBA1546;g__UBA1546;s__
bacteria08670	GCA_001829155.1	3.04	90.38334434897554	0	Spirochaetes bacterium GWB1_36_13	d__Bacteria;p__Spirochaetota;c__UBA6919;o__;f__;g__;s__
bacteria08672	GCA_001829185.1	 3.6	97.70114942528735	1.7241379310344827	Spirochaetes bacterium GWB1_60_80	d__Bacteria;p__Spirochaetota;c__Spirochaetia;o__Treponematales;f__UBA12059;g__;s__
bacteria08675	GCA_001829245.1	3.48	97.70114942528735	1.7241379310344827	Spirochaetes bacterium GWC1_61_12	d__Bacteria;p__Spirochaetota;c__Spirochaetia;o__Treponematales;f__UBA12059;g__;s__
bacteria08677	GCA_001829295.1	3.59	97.70114942528735	1.7241379310344827	Spirochaetes bacterium GWD1_61_31	d__Bacteria;p__Spirochaetota;c__Spirochaetia;o__Treponematales;f__UBA12059;g__;s__
bacteria08678	GCA_001829315.1	4.03	97.4	3.2	Spirochaetes bacterium GWE1_32_154	d__Bacteria;p__Spirochaetota;c__GWE2-31-10;o__GWE2-31-10;f__GWE2-31-10;g__;s__
bacteria08679	GCA_001829335.1	4.12	96.54666666666667	2.4	Spirochaetes bacterium GWE2_31_10	d__Bacteria;p__Spirochaetota;c__GWE2-31-10;o__GWE2-31-10;f__GWE2-31-10;g__;s__
bacteria08680	GCA_001829345.1	 4.1	96.2	2.4	Spirochaetes bacterium GWF1_31_7	d__Bacteria;p__Spirochaetota;c__GWE2-31-10;o__GWE2-31-10;f__GWE2-31-10;g__;s__
bacteria08683	GCA_001829415.1	3.54	93.15628192032686	0.18726591760299624	Spirochaetes bacterium GWF1_51_8	d__Bacteria;p__Spirochaetota;c__Brevinematia;o__Brevinematales;f__GWF1-51-8;g__GWF1-51-8;s__
bacteria08687	GCA_001829495.1	 3.8	96.56311962987442	2.247191011235955	Spirochaetes bacterium RBG_16_49_21	d__Bacteria;p__Spirochaetota;c__UBA4802;o__UBA4802;f__UBA5550;g__RBG-16-49-21;s__
bacteria08742	GCA_001830615.1	3.62	96.55172413793103	2.8735632183908044	Spirochaetes bacterium GWE1_60_18	d__Bacteria;p__Spirochaetota;c__Spirochaetia;o__Treponematales;f__UBA12059;g__;s__
bacteria08743	GCA_001830635.1	3.59	97.70114942528735	1.7241379310344827	Spirochaetes bacterium GWF1_60_12	d__Bacteria;p__Spirochaetota;c__Spirochaetia;o__Treponematales;f__UBA12059;g__;s__
bacteria08785	GCA_001854245.1	4.46	98.38709677419355	1.935483870967742	Desulfococcus multivorans 	d__Bacteria;p__Desulfobacterota;c__Desulfobacteria;o__Desulfobacterales;f__;g__;s__
bacteria09073	GCA_001902295.1	4.51	99.3103448275862	2.0689655172413794	Clostridium kluyveri 	d__Bacteria;p__Firmicutes_A;c__Clostridia;o__Clostridiales;f__Clostridiaceae;g__Clostridium_B;s__
bacteria09687	GCA_002009335.2	4.46	98.38709677419355	1.935483870967742	Desulfococcus multivorans 	d__Bacteria;p__Desulfobacterota;c__Desulfobacteria;o__Desulfobacterales;f__;g__;s__
bacteria11094	GCA_002298125.1	2.98	96.8768472906404	2.282430213464696	Clostridium sp. UBA701	d__Bacteria;p__Firmicutes_A;c__Clostridia;o__Clostridiales;f__Clostridiaceae;g__;s__
bacteria11097	GCA_002298165.1	4.63	96.93548387096774	1.4516129032258065	Desulfarculales bacterium UBA702	d__Bacteria;p__Desulfobacterota;c__Syntrophobacteria;o__Syntrophobacterales;f__Syntrophobacteraceae;g__UBA696;s__
bacteria11135	GCA_002298925.1	4.33	90.89861751152074	0.6451612903225806	Geobacter sp. UBA698	d__Bacteria;p__Desulfuromonadota;c__Desulfuromonadia;o__Geobacterales;f__Pelobacteraceae;g__Pelobacter_C;s__
bacteria11138	GCA_002298995.1	4.17	96.7741935483871	1.021505376344086	Desulfarculales bacterium UBA696	d__Bacteria;p__Desulfobacterota;c__Syntrophobacteria;o__Syntrophobacterales;f__Syntrophobacteraceae;g__UBA696;s__
bacteria11230	GCA_002304995.1	3.42	92.58064516129032	3.3691756272401436	Syntrophaceae bacterium UBA1411	d__Bacteria;p__Desulfobacterota;c__Syntrophia;o__Syntrophales;f__Smithellaceae;g__UBA8904;s__
bacteria11556	GCA_002312915.1	2.84	92.25806451612904	2.4731182795698925	Syntrophaceae bacterium UBA1164	d__Bacteria;p__Desulfobacterota;c__Syntrophia;o__Syntrophales;f__Smithellaceae;g__UBA4810;s__
bacteria11782	GCA_002319915.1	3.77	93.47089947089948	2.1587301587301586	Bacteroidales bacterium UBA1800	d__Bacteria;p__Bacteroidota;c__Bacteroidia;o__Bacteroidales;f__vadinHA17;g__LD21;s__
bacteria12079	GCA_002327985.1	3.98	93.2258064516129	1.2903225806451613	Syntrophaceae bacterium UBA2188	d__Bacteria;p__Desulfobacterota;c__BSN033;o__BSN033;f__UBA1163;g__UBA1163;s__
bacteria12088	GCA_002328165.1	2.94	96.45161290322581	0.6451612903225806	Desulfobacteraceae bacterium UBA2156	d__Bacteria;p__Desulfobacterota;c__Desulfobacteria;o__Desulfobacterales;f__UBA2156;g__;s__
bacteria12131	GCA_002329025.1	2.98	95.16129032258064	0.6451612903225806	Desulfobacteraceae bacterium UBA2130	d__Bacteria;p__Desulfobacterota;c__Desulfobacteria;o__Desulfobacterales;f__UBA2156;g__;s__
bacteria12162	GCA_002329645.1	2.91	94.21840044742729	4.642058165548098	Lachnoclostridium sp. UBA1434	d__Bacteria;p__Firmicutes_A;c__Clostridia;o__Lachnospirales;f__Lachnospiraceae;g__Herbinix;s__
bacteria12556	GCA_002340985.1	3.24	97.66899766899766	1.3986013986013985	Firmicutes bacterium UBA2530	d__Bacteria;p__Firmicutes_A;c__Clostridia;o__Tissierellales;f__Sedimentibacteraceae;g__Sedimentibacter;s__
bacteria12801	GCA_002345925.1	2.47	90.20833333333333	1.8055555555555558	Actinobacteria bacterium UBA2286	d__Bacteria;p__Actinobacteriota;c__Coriobacteriia;o__OPB41;f__UBA2279;g__UBA2286;s__
bacteria12873	GCA_002347365.1	2.25	94.30555555555557	2.222222222222222	Actinobacteria bacterium UBA2279	d__Bacteria;p__Actinobacteriota;c__Coriobacteriia;o__OPB41;f__UBA2279;g__;s__
bacteria12896	GCA_002347815.1	2.73	94.83870967741936	3.4639016897081407	Syntrophaceae bacterium UBA2251	d__Bacteria;p__Desulfobacterota;c__Syntrophia;o__Syntrophales;f__;g__;s__
bacteria13733	GCA_002367115.1	4.32	97.79310344827587	4.466338259441708	Clostridium tunisiense	d__Bacteria;p__Firmicutes_A;c__Clostridia;o__Clostridiales;f__Clostridiaceae;g__Clostridium_J;s__
bacteria14020	GCA_002375855.1	 3.8	98.32214765100672	1.342281879194631	Clostridiales bacterium UBA3578	d__Bacteria;p__Firmicutes_A;c__Clostridia;o__Acetivibrionales;f__Acetivibrionaceae;g__Ruminiclostridium;s__
bacteria14269	GCA_002381185.1	4.32	97.66899766899766	3.1468531468531467	Firmicutes bacterium UBA3553	d__Bacteria;p__Firmicutes_A;c__Clostridia;o__Tissierellales;f__Sedimentibacteraceae;g__Sedimentibacter;s__
bacteria14306	GCA_002381965.1	2.72	91.45161290322581	2.8187403993855606	Syntrophaceae bacterium UBA4065	d__Bacteria;p__Desulfobacterota;c__Syntrophia;o__Syntrophales;f__;g__;s__
bacteria14310	GCA_002382045.1	2.95	92.58064516129032	2.5806451612903225	Syntrophaceae bacterium UBA4059	d__Bacteria;p__Desulfobacterota;c__Syntrophia;o__Syntrophales;f__Smithellaceae;g__UBA8904;s__
bacteria14315	GCA_002382135.1	2.75	95.16129032258064	1.2903225806451613	Smithella sp. UBA4047	d__Bacteria;p__Desulfobacterota;c__Syntrophia;o__Syntrophales;f__Smithellaceae;g__Smithella;s__
bacteria14343	GCA_002382705.1	2.34	98.2795698924731	0	Geobacter sp. UBA4057	d__Bacteria;p__Desulfuromonadota;c__Desulfuromonadia;o__Geobacterales;f__Pelobacteraceae;g__Pelobacter_C;s__
bacteria14347	GCA_002382785.1	2.49	90.13605442176869	1.318027210884354	Desulfosporosinus sp. UBA4048	d__Bacteria;p__Firmicutes_B;c__Desulfitobacteriia;o__Desulfitobacteriales;f__Desulfitobacteriaceae;g__Desulfosporosinus;s__
bacteria14523	GCA_002386685.1	4.17	98.36829836829837	3.8461538461538463	Firmicutes bacterium UBA4599	d__Bacteria;p__Firmicutes_A;c__Clostridia;o__Tissierellales;f__Sedimentibacteraceae;g__Sedimentibacter;s__
bacteria15035	GCA_002396925.1	3.18	97.48299319727892	3.91156462585034	Syntrophomonas sp. UBA4990	d__Bacteria;p__Firmicutes_B;c__Syntrophomonadia;o__Syntrophomonadales;f__Syntrophomonadaceae;g__UBA4844;s__
bacteria15050	GCA_002397225.1	2.93	93.73542274052478	2.083333333333333	Syntrophomonas sp. UBA4968	d__Bacteria;p__Firmicutes_B;c__Syntrophomonadia;o__Syntrophomonadales;f__Syntrophomonadaceae;g__UBA4844;s__
bacteria15087	GCA_002397955.1	1.83	96.61016949152543	1.694915254237288	Synergistaceae bacterium UBA4921	d__Bacteria;p__Synergistota;c__Synergistia;o__Synergistales;f__Synergistaceae;g__Syner-03;s__
bacteria15094	GCA_002398105.1	3.01	95.5952380952381	1.7431972789115644	Syntrophomonas sp. UBA4911	d__Bacteria;p__Firmicutes_B;c__Syntrophomonadia;o__Syntrophomonadales;f__Syntrophomonadaceae;g__UBA4844;s__
bacteria15146	GCA_002399145.1	2.99	91.38605442176872	2.8486394557823127	Syntrophomonas sp. UBA4889	d__Bacteria;p__Firmicutes_B;c__Syntrophomonadia;o__Syntrophomonadales;f__Syntrophomonadaceae;g__UBA4844;s__
bacteria15189	GCA_002400005.1	3.19	97.80855199222546	3.954081632653061	Syntrophomonas sp. UBA4844	d__Bacteria;p__Firmicutes_B;c__Syntrophomonadia;o__Syntrophomonadales;f__Syntrophomonadaceae;g__UBA4844;s__
bacteria15247	GCA_002402945.1	1.93	91.47884343213893	2.305605786618445	Pelotomaculum sp. UBA4789	d__Bacteria;p__Firmicutes_B;c__Desulfotomaculia;o__Desulfotomaculales;f__Pelotomaculaceae;g__;s__
bacteria15291	GCA_002403815.1	3.84	90.55636540330417	1.092687074829932	Desulfosporosinus sp. UBA4745	d__Bacteria;p__Firmicutes_B;c__Desulfitobacteriia;o__Desulfitobacteriales;f__Desulfitobacteriaceae;g__Desulfosporosinus;s__
bacteria15458	GCA_002408305.1	3.09	96.3265306122449	3.6989795918367347	Syntrophomonas sp. UBA5316	d__Bacteria;p__Firmicutes_B;c__Syntrophomonadia;o__Syntrophomonadales;f__Syntrophomonadaceae;g__UBA4844;s__
bacteria15490	GCA_002408935.1	3.19	97.1550048590865	4.931972789115646	Syntrophomonas sp. UBA5246	d__Bacteria;p__Firmicutes_B;c__Syntrophomonadia;o__Syntrophomonadales;f__Syntrophomonadaceae;g__UBA4844;s__
bacteria15534	GCA_002409825.1	   3	91.41483516483515	1.4880952380952381	Syntrophomonas sp. UBA5373	d__Bacteria;p__Firmicutes_B;c__Syntrophomonadia;o__Syntrophomonadales;f__Syntrophomonadaceae;g__UBA4844;s__
bacteria15559	GCA_002410325.1	4.01	99.21768707482994	4.413265306122449	Syntrophomonas sp. UBA5314	d__Bacteria;p__Firmicutes_B;c__Syntrophomonadia;o__Syntrophomonadales;f__Syntrophomonadaceae;g__;s__
bacteria15609	GCA_002411325.1	3.25	96.51930552440756	3.103741496598639	Syntrophomonas sp. UBA5298	d__Bacteria;p__Firmicutes_B;c__Syntrophomonadia;o__Syntrophomonadales;f__Syntrophomonadaceae;g__UBA4844;s__
bacteria15632	GCA_002412435.1	3.18	96.99222546161322	3.52891156462585	Syntrophomonas sp. UBA5221	d__Bacteria;p__Firmicutes_B;c__Syntrophomonadia;o__Syntrophomonadales;f__Syntrophomonadaceae;g__UBA4844;s__
bacteria15646	GCA_002412715.1	 3.7	90.3225806451613	3.5483870967741935	Deltaproteobacteria bacterium UBA5205	d__Bacteria;p__Desulfobacterota_B;c__Syntrophorhabdia;o__Syntrophorhabdales;f__Syntrophorhabdaceae;g__Delta-02;s__
bacteria15651	GCA_002412825.1	3.46	98.85057471264368	2.2988505747126435	Spirochaetaceae bacterium UBA5200	d__Bacteria;p__Spirochaetota;c__Spirochaetia;o__Treponematales;f__UBA12059;g__UBA5200;s__
bacteria15658	GCA_002412965.1	4.12	98.14814814814814	0	Desulfomicrobium sp. UBA5193	d__Bacteria;p__Desulfobacterota;c__Desulfovibrionia;o__Desulfovibrionales;f__Desulfomicrobiaceae;g__Desulfomicrobium;s__
bacteria15722	GCA_002414225.1	3.53	95.45068027210884	0.5952380952380952	Desulfobulbaceae bacterium UBA5121	d__Bacteria;p__Desulfobacterota;c__Desulfobulbia;o__Desulfobulbales;f__Desulfurivibrionaceae;g__UBA5123;s__
bacteria15803	GCA_002415855.1	4.51	93.47089947089948	3.841269841269841	Bacteroidales bacterium UBA5072	d__Bacteria;p__Bacteroidota;c__Bacteroidia;o__Bacteroidales;f__;g__;s__
bacteria15853	GCA_002418185.1	2.48	92.66513056835637	2.2580645161290325	Deltaproteobacteria bacterium UBA5799	d__Bacteria;p__GWC2-55-46;c__GWC2-55-46;o__GWC2-55-46;f__GWC2-55-46;g__;s__
bacteria15893	GCA_002418985.1	3.42	95.3763440860215	3.225806451612903	Deltaproteobacteria bacterium UBA5756	d__Bacteria;p__Desulfobacterota_B;c__Syntrophorhabdia;o__Syntrophorhabdales;f__Syntrophorhabdaceae;g__Delta-02;s__
bacteria15970	GCA_002420525.1	2.88	95.16129032258064	0.6451612903225806	Desulfobacteraceae bacterium UBA5681	d__Bacteria;p__Desulfobacterota;c__Desulfobacteria;o__Desulfobacterales;f__UBA2156;g__;s__
bacteria16068	GCA_002422465.1	 2.8	91.9551749271137	4.944727891156463	Peptococcaceae bacterium UBA6129	d__Bacteria;p__Firmicutes_B;c__Peptococcia;o__DRI-13;f__DRI-13;g__;s__
bacteria16125	GCA_002423615.1	3.66	93.54838709677419	2.956989247311828	Desulfobacteraceae bacterium UBA5616	d__Bacteria;p__Desulfobacterota;c__Desulfobacteria;o__Desulfobacterales;f__;g__;s__
bacteria16132	GCA_002423765.1	3.99	92.00903263403264	3.8461538461538463	Firmicutes bacterium UBA5526	d__Bacteria;p__Firmicutes_A;c__Clostridia;o__Tissierellales;f__Sedimentibacteraceae;g__Sedimentibacter;s__
bacteria16150	GCA_002424125.1	3.05	92.84863945578232	3.656462585034014	Syntrophomonas sp. UBA5481	d__Bacteria;p__Firmicutes_B;c__Syntrophomonadia;o__Syntrophomonadales;f__Syntrophomonadaceae;g__UBA4844;s__
bacteria16256	GCA_002426245.1	3.05	95.27089407191447	2.7636054421768708	Syntrophomonas sp. UBA5504	d__Bacteria;p__Firmicutes_B;c__Syntrophomonadia;o__Syntrophomonadales;f__Syntrophomonadaceae;g__UBA4844;s__
bacteria16275	GCA_002426625.1	3.09	94.68742991702176	2.5935374149659864	Syntrophomonas sp. UBA5443	d__Bacteria;p__Firmicutes_B;c__Syntrophomonadia;o__Syntrophomonadales;f__Syntrophomonadaceae;g__UBA4844;s__
bacteria16369	GCA_002428495.1	2.15	100	0	Synergistaceae bacterium UBA6101	d__Bacteria;p__Synergistota;c__Synergistia;o__Synergistales;f__Synergistaceae;g__Syner-03;s__
bacteria16379	GCA_002428705.1	4.54	100	0	Desulfovibrio sp. UBA6079	d__Bacteria;p__Desulfobacterota;c__Desulfovibrionia;o__Desulfovibrionales;f__Desulfovibrionaceae;g__;s__
bacteria17128	GCA_002448235.1	3.77	92.25806451612904	1.2903225806451613	Syntrophaceae bacterium UBA6087	d__Bacteria;p__Desulfobacterota;c__Desulfomonilia;o__UBA1062;f__UBA1062;g__UBA1062;s__
bacteria17162	GCA_002448905.1	3.49	94.9546485260771	1.7857142857142858	Desulfobulbaceae bacterium UBA6913	d__Bacteria;p__Desulfobacterota;c__Desulfobulbia;o__Desulfobulbales;f__Desulfurivibrionaceae;g__UBA5123;s__
bacteria17323	GCA_002452125.1	3.39	99.06759906759906	2.097902097902098	Firmicutes bacterium UBA6827	d__Bacteria;p__Firmicutes_A;c__Clostridia;o__Tissierellales;f__Sedimentibacteraceae;g__Sedimentibacter;s__
bacteria19726	GCA_003020045.1	3.01	97.31543624161074	0.33557046979865773	Ethanoligenens harbinense YUAN-3 	d__Bacteria;p__Firmicutes_A;c__Clostridia;o__Oscillospirales;f__Ethanoligenenaceae;g__Ethanoligenens;s__
bacteria20292	GCA_003138315.1	3.25	94.30875576036868	2.186379928315412	Syntrophaceae bacterium	d__Bacteria;p__Desulfobacterota;c__Syntrophia;o__Syntrophales;f__Smithellaceae;g__;s__
bacteria20309	GCA_003138675.1	3.25	94.2831541218638	1.935483870967742	Syntrophaceae bacterium	d__Bacteria;p__Desulfobacterota;c__Syntrophia;o__Syntrophales;f__Smithellaceae;g__;s__
bacteria20316	GCA_003138835.1	3.41	96.45161290322581	1.6487455197132617	Syntrophaceae bacterium	d__Bacteria;p__Desulfobacterota;c__Syntrophia;o__Syntrophales;f__Smithellaceae;g__;s__
bacteria20330	GCA_003139105.1	3.38	94.19354838709677	1.6487455197132617	Syntrophaceae bacterium	d__Bacteria;p__Desulfobacterota;c__Syntrophia;o__Syntrophales;f__Smithellaceae;g__;s__
bacteria20361	GCA_003139775.1	3.42	96.45161290322581	1.3261648745519712	Syntrophaceae bacterium	d__Bacteria;p__Desulfobacterota;c__Syntrophia;o__Syntrophales;f__Smithellaceae;g__;s__
bacteria20400	GCA_003140615.1	3.18	93.70455709165387	1.3261648745519712	Syntrophaceae bacterium	d__Bacteria;p__Desulfobacterota;c__Syntrophia;o__Syntrophales;f__Smithellaceae;g__Smithella;s__
bacteria20431	GCA_003141275.1	3.05	96.00753524550315	3.4759358288770055	Phycisphaerales bacterium	d__Bacteria;p__Planctomycetota;c__Phycisphaerae;o__SG8-4;f__SG8-4;g__;s__
bacteria20436	GCA_003141415.1	5.26	92.29635060280222	3.3333333333333335	Bacteroidales bacterium	d__Bacteria;p__Bacteroidota;c__Bacteroidia;o__Bacteroidales;f__vadinHA17;g__LD21;s__
bacteria20440	GCA_003141495.1	3.51	91.64814814814814	3.2539682539682535	Bacteroidales bacterium	d__Bacteria;p__Bacteroidota;c__Bacteroidia;o__Bacteroidales;f__vadinHA17;g__LD21;s__
bacteria20442	GCA_003141525.1	4.82	94.77248677248677	2.857142857142857	Bacteroidales bacterium	d__Bacteria;p__Bacteroidota;c__Bacteroidia;o__Bacteroidales;f__vadinHA17;g__LD21;s__
bacteria20443	GCA_003141555.1	3.79	93.84615384615384	3.4188034188034186	Candidatus Aminicenantes bacterium	d__Bacteria;p__Acidobacteriota;c__Aminicenantia;o__Aminicenantales;f__UBA4085;g__;s__
bacteria20445	GCA_003141595.1	3.74	95.71428571428571	3.0952380952380953	Bacteroidales bacterium	d__Bacteria;p__Bacteroidota;c__Bacteroidia;o__Bacteroidales;f__vadinHA17;g__LD21;s__
bacteria20451	GCA_003141715.1	 3.7	90.49206349206348	4.285714285714286	Bacteroidales bacterium	d__Bacteria;p__Bacteroidota;c__Bacteroidia;o__Bacteroidales;f__vadinHA17;g__LD21;s__
bacteria20458	GCA_003141895.1	4.01	98.7936507936508	2.142857142857143	Bacteroidales bacterium	d__Bacteria;p__Bacteroidota;c__Bacteroidia;o__Bacteroidales;f__vadinHA17;g__LD21;s__
bacteria20475	GCA_003142255.1	3.73	97.61904761904762	2.142857142857143	Bacteroidales bacterium	d__Bacteria;p__Bacteroidota;c__Bacteroidia;o__Bacteroidales;f__vadinHA17;g__LD21;s__
bacteria20477	GCA_003142295.1	3.28	92.41935483870968	4.301075268817204	Syntrophaceae bacterium	d__Bacteria;p__Desulfobacterota;c__Syntrophia;o__Syntrophales;f__;g__;s__
bacteria20486	GCA_003142475.1	3.58	97.7959927140255	4.8269581056466295	Ignavibacteriae bacterium	d__Bacteria;p__Bacteroidota;c__UBA10030;o__UBA10030;f__UBA10030;g__;s__
bacteria20489	GCA_003142535.1	2.93	93.54838709677419	1.2903225806451613	Syntrophaceae bacterium	d__Bacteria;p__Desulfobacterota;c__Syntrophia;o__Syntrophales;f__Smithellaceae;g__;s__
bacteria20494	GCA_003142635.1	3.47	92.74193548387096	2.17357910906298	Syntrophaceae bacterium	d__Bacteria;p__Desulfobacterota;c__Syntrophia;o__Syntrophales;f__;g__;s__
bacteria20497	GCA_003142715.1	3.36	91.18397085610201	4.371584699453552	Ignavibacteriae bacterium	d__Bacteria;p__Bacteroidota;c__UBA10030;o__UBA10030;f__UBA10030;g__;s__
bacteria20505	GCA_003142875.1	2.88	94.83870967741936	0.6810035842293907	Syntrophaceae bacterium	d__Bacteria;p__Desulfobacterota;c__Syntrophia;o__Syntrophales;f__Smithellaceae;g__;s__
bacteria20622	GCA_003152875.1	3.96	92.16426560688855	3.278688524590164	Ignavibacteriae bacterium	d__Bacteria;p__Bacteroidota;c__UBA10030;o__UBA10030;f__UBA6906;g__;s__
bacteria20666	GCA_003153775.1	3.13	98.06451612903226	1.2903225806451613	Syntrophaceae bacterium	d__Bacteria;p__Desulfobacterota;c__Syntrophia;o__Syntrophales;f__;g__;s__
bacteria20695	GCA_003154495.1	1.78	91.52196118488253	4.868913857677902	Elusimicrobia bacterium	d__Bacteria;;c__;o__;f__;g__;s__
bacteria20707	GCA_003154725.1	3.95	96.45502645502646	1.9047619047619047	Bacteroidales bacterium	d__Bacteria;p__Bacteroidota;c__Bacteroidia;o__Bacteroidales;f__vadinHA17;g__LD21;s__
bacteria20744	GCA_003155495.1	3.59	95.01407517800959	4.590163934426229	Ignavibacteriae bacterium	d__Bacteria;p__Bacteroidota;c__UBA10030;o__UBA10030;f__UBA10030;g__;s__
bacteria20754	GCA_003155705.1	 3.2	90.23809523809524	2.777777777777778	Bacteroidales bacterium	d__Bacteria;p__Bacteroidota;c__Bacteroidia;o__Bacteroidales;f__vadinHA17;g__;s__
bacteria20842	GCA_003157745.1	5.82	90.07188109161793	2.6315789473684212	Solibacterales bacterium	d__Bacteria;p__Acidobacteriota;c__Acidobacteriae;o__Solibacterales;f__Solibacteraceae;g__;s__
bacteria20845	GCA_003157835.1	3.27	90.26246067229674	2.0036429872495445	Ignavibacteriae bacterium	d__Bacteria;p__Bacteroidota;c__UBA10030;o__UBA10030;f__UBA10030;g__;s__
bacteria20880	GCA_003158615.1	3.56	94	1.8181818181818181	Nitrospiraceae bacterium	d__Bacteria;p__Nitrospirota;c__Thermodesulfovibrionia;o__Thermodesulfovibrionales;f__;g__;s__
bacteria20914	GCA_003159495.1	3.05	98.87640449438203	2.3132848645076005	candidate division FCPU426 bacterium	d__Bacteria;;c__;o__;f__;g__;s__
bacteria21052	GCA_003162695.1	3.38	96.0200364298725	2.9143897996357007	Ignavibacteriae bacterium	d__Bacteria;p__Bacteroidota;c__UBA10030;o__UBA10030;f__UBA10030;g__;s__
bacteria21102	GCA_003163755.1	3.28	93.38709677419355	1.3261648745519712	Syntrophaceae bacterium	d__Bacteria;p__Desulfobacterota;c__Syntrophia;o__Syntrophales;f__Smithellaceae;g__;s__
bacteria21130	GCA_003164335.1	3.81	97.73755656108597	2.197802197802198	Fibrobacteres bacterium	d__Bacteria;p__Fibrobacterota;c__Chitinivibrionia;o__Chitinivibrionales;f__;g__;s__
bacteria21162	GCA_003165055.1	3.42	96.45161290322581	1.3261648745519712	Syntrophaceae bacterium	d__Bacteria;p__Desulfobacterota;c__Syntrophia;o__Syntrophales;f__Smithellaceae;g__;s__
bacteria21187	GCA_003165595.1	5.39	98.83645765998708	1.6483516483516483	Fibrobacteres bacterium	d__Bacteria;p__Fibrobacterota;c__Chitinivibrionia;o__Chitinivibrionales;f__;g__;s__
bacteria21335	GCA_003168735.1	3.16	91.93548387096774	1.971326164874552	Syntrophaceae bacterium	d__Bacteria;p__Desulfobacterota;c__Syntrophia;o__Syntrophales;f__Smithellaceae;g__Smithella;s__
bacteria21351	GCA_003169075.1	3.15	90.50179211469533	2.2094214029697903	Syntrophaceae bacterium	d__Bacteria;p__Desulfobacterota;c__Syntrophia;o__Syntrophales;f__Smithellaceae;g__Smithella;s__
bacteria21447	GCA_003171175.1	3.76	93.84331797235023	2.7956989247311825	Syntrophaceae bacterium	d__Bacteria;p__Desulfobacterota;c__Syntrophia;o__Syntrophales;f__;g__;s__
bacteria22278	GCA_003574175.1	3.73	100	0	Geobacter sulfurreducens 	d__Bacteria;p__Desulfuromonadota;c__Desulfuromonadia;o__Geobacterales;f__Geobacteraceae;g__Geobacter;s__
bacteria22395	GCA_003612835.1	2.97	97.31543624161074	0.33557046979865773	Ethanoligenens harbinense 	d__Bacteria;p__Firmicutes_A;c__Clostridia;o__Oscillospirales;f__Ethanoligenenaceae;g__Ethanoligenens;s__
bacteria22396	GCA_003612855.1	 3.1	97.31543624161074	0.33557046979865773	Ethanoligenens harbinense 	d__Bacteria;p__Firmicutes_A;c__Clostridia;o__Oscillospirales;f__Ethanoligenenaceae;g__Ethanoligenens;s__
bacteria22930	GCA_900217235.1	4.22	100	0	Pseudodesulfovibrio profundus 	d__Bacteria;p__Desulfobacterota;c__Desulfovibrionia;o__Desulfovibrionales;f__Desulfovibrionaceae;g__Pseudodesulfovibrio;s__
bacteria23259	K_DeepCast_100m_m2_305	3.63	92.72727272727273	4.02020202020202	Chloroflexi	d__Bacteria;p__Chloroflexota;c__Anaerolineae;o__Anaerolineales;f__envOPS12;g__;s__
bacteria23265	K_DeepCast_150m_m1_199	4.71	97.09677419354838	0.035842293906810034	Deltaepsilon	d__Bacteria;p__Desulfobacterota;c__Desulfomonilia;o__;f__;g__;s__
bacteria23266	K_DeepCast_150m_m2_056	2.13	90.04237288135593	2.8954802259887003	Firmicutes	d__Bacteria;p__Firmicutes_D;c__Dethiobacteria;o__DTU022;f__DTU022;g__;s__
bacteria23273	KMBP001A.bins.104.contigs	5.01	93.24324324324324	4.321905025229833		d__Bacteria;p__Verrucomicrobiota;c__Kiritimatiellae;o__RFP12;f__;g__;s__
bacteria23276	KMBP001A.bins.171.contigs	4.35	90.7706093189964	3.0824372759856633	Bacteroidetes	d__Bacteria;p__Bacteroidota;c__Bacteroidia;o__Bacteroidales;f__;g__;s__
bacteria23278	KMBP001A.bins.55.contigs	 1.9	92.02279202279202	2.849002849002849	Margulisbacteria	d__Bacteria;p__Margulisbacteria;c__GWF2-35-9;o__;f__;g__;s__
bacteria23279	KMBP001A.bins.57_sub.contigs	2.65	95	1.8181818181818181	Actinobacteria	d__Bacteria;p__Actinobacteriota;c__UBA1414;o__UBA1414;f__;g__;s__
bacteria23281	KMBP001A.conconct.74.contigs	3.89	97.00716845878135	2.6881720430107525	Bacteroidetes	d__Bacteria;p__Bacteroidota;c__Bacteroidia;o__Bacteroidales;f__;g__;s__
bacteria23293	KMBP001C.maxbin_bins.066.contigs	5.56	97.831541218638	2.813620071684588	Betaproteobacteria	d__Bacteria;p__Bacteroidota;c__Bacteroidia;o__Bacteroidales;f__;g__;s__
bacteria23296	KMBP001D.bins.43.contigs	1.78	95.43952412425644	2.247191011235955	Firestonebacteria	d__Bacteria;;c__;o__;f__;g__;s__
bacteria23301	KMBP001E.bins.147.contigs	3.33	95.94594594594595	1.4308426073131957	Lentisphaerae	d__Bacteria;p__Verrucomicrobiota;c__Kiritimatiellae;o__UBA8416;f__;g__;s__
bacteria23303	KMBP001E.bins.221.contigs	3.69	95.94594594594595	0.7050528789659224	Lentisphaerae	d__Bacteria;p__Verrucomicrobiota;c__Kiritimatiellae;o__UBA8416;f__;g__;s__
bacteria23304	KMBP001E.bins.33.contigs	 3.5	94.51612903225806	0	Deltaproteobacteria	d__Bacteria;p__Desulfobacterota;c__Desulfomonilia;o__;f__;g__;s__
bacteria23305	KMBP001E.bins.84.contigs	3.89	94.51612903225806	2.972350230414747	Deltaproteobacteria	d__Bacteria;p__Desulfuromonadota;c__Desulfuromonadia;o__Geobacterales;f__Pelobacteraceae;g__UBA8499;s__
bacteria23306	KMBP001E.conconct.133_sub.contigs	6.67	90.04372019077901	2.2087624709108082	Lentisphaerae	d__Bacteria;p__Verrucomicrobiota;c__Kiritimatiellae;o__RFP12;f__UBA1067;g__;s__
bacteria23313	M_DeepCast_400m_m2_100	3.25	92.24305106658048	3.4612446377152257	Eisenbacteria	d__Bacteria;;c__;o__;f__;g__;s__
