genome,hgcb_locus_tag,hgca_locus_tag,hgcb_locus_tag
2744054410,LNAEIIIA_01091,LNAEIIIA_01092,LNAEIIIA_01091
2757320495,ABECALNF_01756,ABECALNF_01755,ABECALNF_01756
2757320496,FGCILFFA_01197,FGCILFFA_01196,FGCILFFA_01197
2757320497,HIIELDKG_03622,HIIELDKG_03623,HIIELDKG_03622
2757320499,BGCOADPE_03476,BGCOADPE_03475,BGCOADPE_03476
2757320500,BEOPBIGF_01979,BEOPBIGF_01978,BEOPBIGF_01979
2757320502,HLDOOGOK_00366,HLDOOGOK_00365,HLDOOGOK_00366
2757320503,OACNKDBK_03161,OACNKDBK_03162,OACNKDBK_03161
2757320506,NCHDFLNA_03512,NCHDFLNA_03513,NCHDFLNA_03512
2757320507,IEEJNIJO_01080,IEEJNIJO_01079,IEEJNIJO_01080
2757320508,GBGOIMGM_01496,GBGOIMGM_01497,GBGOIMGM_01496
2757320509,EMCPGNPG_01740,EMCPGNPG_01739,EMCPGNPG_01740
2757320510,ABKAODCG_02352,ABKAODCG_02351,ABKAODCG_02352
archaea30022,BIMDFBEB_00202,BIMDFBEB_00201,BIMDFBEB_00202
bacteria00190,EEIMFIFM_01321,EEIMFIFM_01320,EEIMFIFM_01321
bacteria00193,PKBCNPMC_01238,PKBCNPMC_01239,PKBCNPMC_01238
bacteria00203,DLLPHHKL_01824,DLLPHHKL_01823,DLLPHHKL_01824
bacteria00229,FECEEEKA_03016,FECEEEKA_03015,FECEEEKA_03016
bacteria01060v2,AMHNPFFG_01390,AMHNPFFG_01389,AMHNPFFG_01390
bacteria23257,DAACLOMH_02971,DAACLOMH_02972,DAACLOMH_02971
bacteria23258,PDNEIIOK_00385,PDNEIIOK_00384,PDNEIIOK_00385
bacteria23259,JKMHOLBA_03522,JKMHOLBA_03523,JKMHOLBA_03522
bacteria23260,IPKECIND_00573,IPKECIND_00574,IPKECIND_00573
bacteria23263,BJKBINHJ_03537,BJKBINHJ_03538,BJKBINHJ_03537
bacteria23265,OOECHHAB_00418,OOECHHAB_00419,OOECHHAB_00418
bacteria23266,GCDJNNGD_01605,GCDJNNGD_01606,GCDJNNGD_01605
bacteria23267,OGJOJHJF_00538,OGJOJHJF_00537,OGJOJHJF_00538
bacteria23268,AEGEFDPH_02348,AEGEFDPH_02349,AEGEFDPH_02348
bacteria23272,HMOMGDDF_04735,HMOMGDDF_01134,HMOMGDDF_04735
bacteria23311,KJEOFFCG_00323,KJEOFFCG_00324,KJEOFFCG_00323
bacteria23313,FLCNMCCD_00072,FLCNMCCD_00071,FLCNMCCD_00072
bacteria23314,BPLGDHLP_00735,BPLGDHLP_00734,BPLGDHLP_00735
bacteria23315,GDCGGGAB_00646,GDCGGGAB_00645,GDCGGGAB_00646
bacteria30001,JBLJILFH_01392,JBLJILFH_01390,JBLJILFH_01392
bacteria30002,JFIAJEEN_03281,JFIAJEEN_03282,JFIAJEEN_03281
bacteria30003,HJDAENCM_00940,HJDAENCM_00939,HJDAENCM_00940
bacteria30004,MNKGMMAP_01750,MNKGMMAP_01751,MNKGMMAP_01750
bacteria30005,ABPFLJBK_01642,ABPFLJBK_01643,ABPFLJBK_01642
bacteria30006,MIGOLCED_00865,MIGOLCED_00864,MIGOLCED_00865
bacteria30007,KENEHFCJ_00134,KENEHFCJ_00135,KENEHFCJ_00134
bacteria30010,GFBCFADM_01498,GFBCFADM_01499,GFBCFADM_01498
bacteria30011,JPKGDFDE_02500,JPKGDFDE_02501,JPKGDFDE_02500
bacteria30012,DDOAOOAJ_00659,DDOAOOAJ_00660,DDOAOOAJ_00659
bacteria30013,DNBDMGIE_01467,DNBDMGIE_01466,DNBDMGIE_01467
bacteria30014,DIKFMIPC_02784,DIKFMIPC_02783,DIKFMIPC_02784
bacteria30015,KCMKPDBG_02832,KCMKPDBG_02833,KCMKPDBG_02832
bacteria30016,LGLOFBJP_02668,LGLOFBJP_02667,LGLOFBJP_02668
bacteria30018,EMAJKIMA_00638,EMAJKIMA_00637,EMAJKIMA_00638
bacteria30019,CMKOBKAJ_02904,CMKOBKAJ_02905,CMKOBKAJ_02904
bacteria30020,LPBABAGL_00429,LPBABAGL_00428,LPBABAGL_00429
bacteria30021,JLEEPOFI_00535,JLEEPOFI_00536,JLEEPOFI_00535
bacteria30024,AJNACDDJ_02647,AJNACDDJ_02646,AJNACDDJ_02647
bacteria30025,OHKJCPIE_01742,OHKJCPIE_01743,OHKJCPIE_01742
bacteria30027,AILFPFHK_02303,AILFPFHK_02302,AILFPFHK_02303
bacteria30028,LNFDEICF_01629,LNFDEICF_01630,LNFDEICF_01629
bacteria30029,AOPCDDHB_00756,AOPCDDHB_00755,AOPCDDHB_00756
bacteria30030,GNPGHJGE_00015,GNPGHJGE_00014,GNPGHJGE_00015
bacteria30031,PLAHAMAM_02579,PLAHAMAM_02578,PLAHAMAM_02579
bacteria30032,NOHJHLCI_01732,NOHJHLCI_01733,NOHJHLCI_01732
bacteria30033,GEODFCDF_02399,GEODFCDF_02400,GEODFCDF_02399
bacteria30035,DBKHENGB_02450,DBKHENGB_02449,DBKHENGB_02450
bacteria30036,FNBLJPLD_01728,FNBLJPLD_01726,FNBLJPLD_01728
GCA_000007985.2,JLBDOOEP_01437,JLBDOOEP_01436,JLBDOOEP_01437
GCA_000011005.1,LPHPIJGE_00745,LPHPIJGE_00746,LPHPIJGE_00745
GCA_000012925.1,NOEKPPCC_01271,NOEKPPCC_01270,NOEKPPCC_01271
GCA_000013405.1,FEGEIJOP_02746,FEGEIJOP_02747,FEGEIJOP_02746
GCA_000013445.1,PDDGDOMI_00954,PDDGDOMI_00955,PDDGDOMI_00954
GCA_000016745.1,DHKEEKAF_00505,DHKEEKAF_00504,DHKEEKAF_00505
GCA_000017625.1,LEJFPFGL_00440,LEJFPFGL_00441,LEJFPFGL_00440
GCA_000020725.1,IPBLDDEA_01214,IPBLDDEA_01213,IPBLDDEA_01214
GCA_000021965.1,HMJEKIEB_01043,HMJEKIEB_01042,HMJEKIEB_01043
GCA_000022265.1,CFCMBAHF_02505,CFCMBAHF_02506,CFCMBAHF_02505
GCA_000023225.1,FEOPKKAO_00389,FEOPKKAO_00390,FEOPKKAO_00389
GCA_000023645.1,JBGFFMOA_03094,JBGFFMOA_03095,JBGFFMOA_03094
GCA_000063445.1,OOGDEKMJ_00842,OOGDEKMJ_00841,OOGDEKMJ_00842
GCA_000174415.1,MAEEJLFG_00003,MAEEJLFG_00004,MAEEJLFG_00003
GCA_000174435.1,KNCAOJPE_01038,KNCAOJPE_01039,KNCAOJPE_01038
GCA_000175115.2,NOAOENBJ_01046,NOAOENBJ_01045,NOAOENBJ_01046
GCA_000176915.2,EJOBKJBF_02713,EJOBKJBF_02712,EJOBKJBF_02713
GCA_000178115.2,MKAFJNDH_00993,MKAFJNDH_00992,MKAFJNDH_00993
GCA_000179315.1,HHNDJNLI_00622,HHNDJNLI_00621,HHNDJNLI_00622
GCA_000179595.2,IFOIEPLI_00059,IFOIEPLI_00058,IFOIEPLI_00059
GCA_000186885.1,GAFAKDOP_00434,GAFAKDOP_00435,GAFAKDOP_00434
GCA_000189295.2,HBPFIMBA_01085,HBPFIMBA_01084,HBPFIMBA_01085
GCA_000190635.1,EAMKJMCM_02375,EAMKJMCM_02376,EAMKJMCM_02375
GCA_000210155.1,CFPPKEBE_01408,CFPPKEBE_01407,CFPPKEBE_01408
GCA_000212675.2,JKKFMICO_00117,JKKFMICO_00119,JKKFMICO_00117
GCA_000224515.2,CODDIPFD_00437,CODDIPFD_00438,CODDIPFD_00437
GCA_000231405.3,ACCBMJEC_01724,ACCBMJEC_01725,ACCBMJEC_01724
GCA_000235605.1,BLDBGEHN_02595,BLDBGEHN_02594,BLDBGEHN_02595
GCA_000243135.3,BDEBGKKP_00765,BDEBGKKP_00764,BDEBGKKP_00765
GCA_000243155.3,LLKGBECD_02747,LLKGBECD_02748,LLKGBECD_02747
GCA_000243475.2,OKMMACCE_02721,OKMMACCE_02722,OKMMACCE_02721
GCA_000244895.1,FBAHGGGA_04170,FBAHGGGA_04171,FBAHGGGA_04170
GCA_000255115.3,KJAPFONA_01597,KJAPFONA_01596,KJAPFONA_01597
GCA_000266945.1,IABCJLNJ_01024,IABCJLNJ_01023,IABCJLNJ_01024
GCA_000300195.1,DAFOPDJE_03701,DAFOPDJE_03700,DAFOPDJE_03701
GCA_000305775.1,FBOANMCK_01089,FBOANMCK_01090,FBOANMCK_01089
GCA_000305815.1,OMPMLNDN_01169,OMPMLNDN_01170,OMPMLNDN_01169
GCA_000308215.1,HBHAPLFH_00812,HBHAPLFH_00813,HBHAPLFH_00812
GCA_000327485.1,LIGJDFKK_00958,LIGJDFKK_00957,LIGJDFKK_00958
GCA_000328665.1,KJFMNEMA_00629,KJFMNEMA_00630,KJFMNEMA_00629
GCA_000341655.1,NMKGPJJK_00332,NMKGPJJK_00333,NMKGPJJK_00332
GCA_000344315.1,MGPJOBDB_01236,MGPJOBDB_01234,MGPJOBDB_01236
GCA_000350485.1,JDHHIFCH_02788,JDHHIFCH_02789,JDHHIFCH_02788
GCA_000350545.1,GOOLHGDD_03285,GOOLHGDD_03284,GOOLHGDD_03285
GCA_000375485.1,MHGMGIOA_02516,MHGMGIOA_02515,MHGMGIOA_02516
GCA_000384015.1,PMIJBOOF_02702,PMIJBOOF_02703,PMIJBOOF_02702
GCA_000384395.1,PBDDEDIN_01576,PBDDEDIN_01577,PBDDEDIN_01576
GCA_000420085.1,PLFFGBKI_02998,PLFFGBKI_02997,PLFFGBKI_02998
GCA_000420485.1,FCBPDCEE_00850,FCBPDCEE_00849,FCBPDCEE_00850
GCA_000421285.1,FLMIMOOB_03796,FLMIMOOB_03797,FLMIMOOB_03796
GCA_000422185.1,JOOJPNDK_00876,JOOJPNDK_00875,JOOJPNDK_00876
GCA_000422205.1,ADDELEHG_01576,ADDELEHG_01575,ADDELEHG_01576
GCA_000422245.1,CPCBDGPP_02363,CPCBDGPP_02364,CPCBDGPP_02363
GCA_000422545.1,ALNNOJKH_02616,ALNNOJKH_02614,ALNNOJKH_02616
GCA_000426865.1,FOAAPIFH_03512,FOAAPIFH_03513,FOAAPIFH_03512
GCA_000428825.1,MADBMPCB_03305,MADBMPCB_03306,MADBMPCB_03305
GCA_000429325.1,NDEPLOEL_01225,NDEPLOEL_01224,NDEPLOEL_01225
GCA_000429945.1,MMKJJMFE_01609,MMKJJMFE_01608,MMKJJMFE_01609
GCA_000429965.1,MAHKJBEI_03143,MAHKJBEI_03149,MAHKJBEI_03143
GCA_000430905.1,PGGLHOLM_00474,PGGLHOLM_00473,PGGLHOLM_00474
GCA_000445165.1,FCJKEPJB_00653,FCJKEPJB_00652,FCJKEPJB_00653
GCA_000512235.1,OJNICAGI_00649,OJNICAGI_00648,OJNICAGI_00649
GCA_000512895.1,KAIELNLB_01960,KAIELNLB_01961,KAIELNLB_01960
GCA_000519265.1,PGGNALMC_00123,PGGNALMC_00124,PGGNALMC_00123
GCA_000521465.1,NEDMJAGL_00923,NEDMJAGL_00924,NEDMJAGL_00923
GCA_000526155.1,CLGKBGCC_02090,CLGKBGCC_02089,CLGKBGCC_02090
GCA_000621505.1,NCJGIDAL_03953,NCJGIDAL_03952,NCJGIDAL_03953
GCA_000686525.1,ICDLEHOI_02568,ICDLEHOI_02569,ICDLEHOI_02568
GCA_000699585.1,ANFHDJPJ_01819,ANFHDJPJ_00218,ANFHDJPJ_01819
GCA_000711225.1,FBJPCFOG_01951,FBJPCFOG_01952,FBJPCFOG_01951
GCA_000717475.2,LFNINDEG_01300,LFNINDEG_01299,LFNINDEG_01300
GCA_000732885.1,ILCAMPBG_01559,ILCAMPBG_01556,ILCAMPBG_01559
GCA_000739515.1,DJIPHHMF_04465,DJIPHHMF_04464,DJIPHHMF_04465
GCA_000745845.1,HLDPKHCM_00325,HLDPKHCM_00324,HLDPKHCM_00325
GCA_000747085.1,KCGMPCND_00451,KCGMPCND_00450,KCGMPCND_00451
GCA_000769715.1,DBNHGEOI_00813,DBNHGEOI_00814,DBNHGEOI_00813
GCA_000770645.1,JNDDHELP_00937,JNDDHELP_00936,JNDDHELP_00937
GCA_000802135.1,MIBBBBEE_00030,MIBBBBEE_00031,MIBBBBEE_00030
GCA_000813145.1,GFMELPGI_01701,GFMELPGI_01700,GFMELPGI_01701
GCA_000816575.1,JMIIDJBC_01621,JMIIDJBC_01622,JMIIDJBC_01621
GCA_000817955.1,LIPCHPPJ_00977,LIPCHPPJ_00976,LIPCHPPJ_00977
GCA_000820505.1,ICAOGJIJ_01608,ICAOGJIJ_01607,ICAOGJIJ_01608
GCA_000931935.2,OHKNJKEK_03239,OHKNJKEK_03238,OHKNJKEK_03239
GCA_000934745.1,HFPHOKOD_02016,HFPHOKOD_02017,HFPHOKOD_02016
GCA_000960765.1,CPIFMIFB_00708,CPIFMIFB_00709,CPIFMIFB_00708
GCA_000961035.1,EDOHLNLD_04007,EDOHLNLD_04008,EDOHLNLD_04007
GCA_000961655.1,DFJGJDCJ_01193,DFJGJDCJ_01192,DFJGJDCJ_01193
GCA_000961725.1,HMCODJKB_02809,HMCODJKB_02808,HMCODJKB_02809
GCA_000961765.1,IBFLOMOI_02465,IBFLOMOI_02466,IBFLOMOI_02465
GCA_001029285.1,MIOFNAOG_03637,MIOFNAOG_03636,MIOFNAOG_03637
GCA_001050275.1,HOCGIPEP_00665,HOCGIPEP_00666,HOCGIPEP_00665
GCA_001184205.1,KEPDEJIC_03736,KEPDEJIC_03737,KEPDEJIC_03736
GCA_001262605.1,MOIEMKIH_04734,MOIEMKIH_04735,MOIEMKIH_04734
GCA_001278055.1,DPNFNEMJ_02469,DPNFNEMJ_02468,DPNFNEMJ_02469
GCA_001303025.1,GHEOKDMJ_03100,GHEOKDMJ_03101,GHEOKDMJ_03100
GCA_001303465.1,GHPLMAON_00159,GHPLMAON_00160,GHPLMAON_00159
GCA_001303785.1,ODPHCCHG_01834,ODPHCCHG_01835,ODPHCCHG_01834
GCA_001303955.1,MFPDAINE_02050,MFPDAINE_02051,MFPDAINE_02050
GCA_001304045.1,GBNLMFBG_00630,GBNLMFBG_00629,GBNLMFBG_00630
GCA_001304105.1,FKDKDELN_02146,FKDKDELN_02145,FKDKDELN_02146
GCA_001306095.1,DJOEHNII_02975,DJOEHNII_02974,DJOEHNII_02975
GCA_001311825.1,MBJFGGJD_01105,MBJFGGJD_01106,MBJFGGJD_01105
GCA_001311845.1,GEDJMBLD_05381,GEDJMBLD_05380,GEDJMBLD_05381
GCA_001311985.1,AOGBMEEE_04819,AOGBMEEE_04821,AOGBMEEE_04819
GCA_001412345.1,KKNNGDGN_02737,KKNNGDGN_02736,KKNNGDGN_02737
GCA_001412355.1,KJHGOEKP_00717,KJHGOEKP_00716,KJHGOEKP_00717
GCA_001421185.1,GHLGEKKD_01168,GHLGEKKD_01167,GHLGEKKD_01168
GCA_001440545.1,PIGBCLGC_01766,PIGBCLGC_01765,PIGBCLGC_01766
GCA_001443455.1,BPFCINDO_01232,BPFCINDO_01233,BPFCINDO_01232
GCA_001508375.1,KBIGOCKL_01702,KBIGOCKL_01703,KBIGOCKL_01702
GCA_001508995.1,FEOFPAGP_00905,FEOFPAGP_00904,FEOFPAGP_00905
GCA_001512965.1,GGMBIDDJ_01516,GGMBIDDJ_01515,GGMBIDDJ_01516
GCA_001513155.1,HKKLPBLM_02310,HKKLPBLM_02311,HKKLPBLM_02310
GCA_001515945.1,BJKFINOB_01942,BJKFINOB_01941,BJKFINOB_01942
GCA_001516045.1,BAMBIOHG_04920,BAMBIOHG_04921,BAMBIOHG_04920
GCA_001516055.1,JEAPDDEP_03737,JEAPDDEP_03738,JEAPDDEP_03737
GCA_001541255.1,MELBKDIL_02812,MELBKDIL_02811,MELBKDIL_02812
GCA_001563225.1,ILMMGKGH_01761,ILMMGKGH_01762,ILMMGKGH_01761
GCA_001577565.1,POEAFDIO_02532,POEAFDIO_02533,POEAFDIO_02532
GCA_001595385.3,PIAEFDGE_00516,PIAEFDGE_00517,PIAEFDGE_00516
GCA_001595815.1,KONHDAFF_03580,KONHDAFF_03581,KONHDAFF_03580
GCA_001603855.1,FFBENIJP_00637,FFBENIJP_00638,FFBENIJP_00637
GCA_001603955.1,ICAFMDDE_01534,ICAFMDDE_01533,ICAFMDDE_01534
GCA_001604385.1,MPLJIAAJ_00410,MPLJIAAJ_00411,MPLJIAAJ_00410
GCA_001604405.1,MOMAFLMH_00712,MOMAFLMH_00713,MOMAFLMH_00712
GCA_001604475.1,JLPLPPPL_00532,JLPLPPPL_00531,JLPLPPPL_00532
GCA_001611275.1,BIAMPPBD_02870,BIAMPPBD_02869,BIAMPPBD_02870
GCA_001618385.1,DCIDKKEI_01357,DCIDKKEI_01358,DCIDKKEI_01357
GCA_001628815.1,JCECMEAH_02146,JCECMEAH_02147,JCECMEAH_02146
GCA_001707455.1,LGCOOLOK_02973,LGCOOLOK_02972,LGCOOLOK_02973
GCA_001707885.1,HLBFPDHK_02607,HLBFPDHK_02608,HLBFPDHK_02607
GCA_001714685.2,CABJFEME_00106,CABJFEME_00105,CABJFEME_00106
GCA_001717745.1,KKIIDCPJ_01928,KKIIDCPJ_01929,KKIIDCPJ_01928
GCA_001735875.1,JCABKCKP_09415,JCABKCKP_09414,JCABKCKP_09415
GCA_001742305.1,JKFFONJI_00504,JKFFONJI_00505,JKFFONJI_00504
GCA_001749745.1,DDLKCPCM_01791,DDLKCPCM_01790,DDLKCPCM_01791
GCA_001768155.1,KAHJNAMD_00524,KAHJNAMD_00523,KAHJNAMD_00524
GCA_001768975.1,JOOOIJGI_03874,JOOOIJGI_03875,JOOOIJGI_03874
GCA_001769035.1,DHIFINIM_03490,DHIFINIM_03489,DHIFINIM_03490
GCA_001769125.1,JPNJNHOP_00303,JPNJNHOP_00304,JPNJNHOP_00303
GCA_001769395.1,DJHBHONE_00370,DJHBHONE_00371,DJHBHONE_00370
GCA_001769785.1,NALAFBHJ_02727,NALAFBHJ_02728,NALAFBHJ_02727
GCA_001770075.1,LODNLDDP_00980,LODNLDDP_00979,LODNLDDP_00980
GCA_001770175.1,LOOLFIPA_00693,LOOLFIPA_00692,LOOLFIPA_00693
GCA_001771235.1,BEBBBGFA_00851,BEBBBGFA_00850,BEBBBGFA_00851
GCA_001771415.1,BABFCFMP_00564,BABFCFMP_00563,BABFCFMP_00564
GCA_001771545.1,GJPHIEKD_00098,GJPHIEKD_00097,GJPHIEKD_00098
GCA_001771585.1,JLDHFOIK_01029,JLDHFOIK_01030,JLDHFOIK_01029
GCA_001771665.1,PBCKKHBI_00027,PBCKKHBI_00026,PBCKKHBI_00027
GCA_001771695.1,HBCGDHHL_01634,HBCGDHHL_01635,HBCGDHHL_01634
GCA_001772415.1,LEJGJKPP_00099,LEJGJKPP_00098,LEJGJKPP_00099
GCA_001772435.1,BLBHFNBE_01031,BLBHFNBE_01032,BLBHFNBE_01031
GCA_001778375.1,ABAIHMEL_01192,ABAIHMEL_01193,ABAIHMEL_01192
GCA_001780375.1,ANANCPGA_02017,ANANCPGA_02018,ANANCPGA_02017
GCA_001789195.1,LCDGFLOB_01333,LCDGFLOB_01332,LCDGFLOB_01333
GCA_001789205.1,ILGACDMA_02299,ILGACDMA_02298,ILGACDMA_02299
GCA_001789215.1,HOIHKINN_01495,HOIHKINN_01494,HOIHKINN_01495
GCA_001789245.1,JAIABBBB_00277,JAIABBBB_00276,JAIABBBB_00277
GCA_001789275.1,PGGGNIJL_03633,PGGGNIJL_03634,PGGGNIJL_03633
GCA_001794965.1,DANIKHCL_03008,DANIKHCL_03007,DANIKHCL_03008
GCA_001795535.1,ALMAINJA_00289,ALMAINJA_00288,ALMAINJA_00289
GCA_001795545.1,BFCGPDCD_01255,BFCGPDCD_01254,BFCGPDCD_01255
GCA_001795575.1,LLLIDBJJ_00212,LLLIDBJJ_00211,LLLIDBJJ_00212
GCA_001796335.1,LLMCPGPE_00358,LLMCPGPE_00357,LLMCPGPE_00358
GCA_001796365.1,CNDOKAND_00875,CNDOKAND_00876,CNDOKAND_00875
GCA_001797355.1,PLBPDNAA_00228,PLBPDNAA_00227,PLBPDNAA_00228
GCA_001797415.1,LMFFIDBJ_00932,LMFFIDBJ_00933,LMFFIDBJ_00932
GCA_001797465.1,AFABMDED_00189,AFABMDED_00188,AFABMDED_00189
GCA_001797525.1,OPNEJAKG_01977,OPNEJAKG_01976,OPNEJAKG_01977
GCA_001797585.1,BDPGHGIK_00083,BDPGHGIK_00082,BDPGHGIK_00083
GCA_001797665.1,PGKIKMKE_02030,PGKIKMKE_02029,PGKIKMKE_02030
GCA_001797745.1,BJBOJEHG_00946,BJBOJEHG_00947,BJBOJEHG_00946
GCA_001797845.1,GJCIDBGD_00861,GJCIDBGD_00860,GJCIDBGD_00861
GCA_001797945.1,OKDBIKEL_00688,OKDBIKEL_00687,OKDBIKEL_00688
GCA_001798155.1,LCEKKGJM_00742,LCEKKGJM_00741,LCEKKGJM_00742
GCA_001798165.1,NKBHPEPN_01326,NKBHPEPN_01325,NKBHPEPN_01326
GCA_001798425.1,HMBPMONI_02459,HMBPMONI_02460,HMBPMONI_02459
GCA_001798605.1,POCBJPEM_05276,POCBJPEM_05277,POCBJPEM_05276
GCA_001798625.1,EKBMKGAI_00924,EKBMKGAI_00925,EKBMKGAI_00924
GCA_001798725.1,POGFMLFP_00728,POGFMLFP_00727,POGFMLFP_00728
GCA_001798915.1,JNIPCBBC_00334,JNIPCBBC_00333,JNIPCBBC_00334
GCA_001799225.1,GKIHEHJJ_00853,GKIHEHJJ_00854,GKIHEHJJ_00853
GCA_001799275.1,DMEKENKD_02194,DMEKENKD_02195,DMEKENKD_02194
GCA_001799285.1,OINCOHCM_00471,OINCOHCM_00470,OINCOHCM_00471
GCA_001799365.1,EMBJLKEI_01428,EMBJLKEI_01429,EMBJLKEI_01428
GCA_001799395.1,EFNOEHAJ_02110,EFNOEHAJ_02111,EFNOEHAJ_02110
GCA_001799505.1,GPJDANHC_01069,GPJDANHC_01070,GPJDANHC_01069
GCA_001799645.1,GGDEPPKL_00622,GGDEPPKL_00623,GGDEPPKL_00622
GCA_001799695.1,JIHIKGLL_00682,JIHIKGLL_00683,JIHIKGLL_00682
GCA_001799715.1,DIBIALAF_00816,DIBIALAF_00817,DIBIALAF_00816
GCA_001799735.1,EGCLJCLG_02415,EGCLJCLG_02416,EGCLJCLG_02415
GCA_001799795.1,KEHNKBEM_00850,KEHNKBEM_00851,KEHNKBEM_00850
GCA_001799895.1,GIBNANDF_01939,GIBNANDF_01940,GIBNANDF_01939
GCA_001800235.1,MPBCOEAA_01895,MPBCOEAA_01894,MPBCOEAA_01895
GCA_001800315.1,NCGABLOG_00423,NCGABLOG_00424,NCGABLOG_00423
GCA_001800325.1,NGEIJBHL_00416,NGEIJBHL_00417,NGEIJBHL_00416
GCA_001800425.1,ENHFGELK_01287,ENHFGELK_01286,ENHFGELK_01287
GCA_001800455.1,FCAMBAOI_01131,FCAMBAOI_01130,FCAMBAOI_01131
GCA_001800475.1,CEIFCGGE_01609,CEIFCGGE_01608,CEIFCGGE_01609
GCA_001802095.1,PBDKCJIA_00985,PBDKCJIA_00984,PBDKCJIA_00985
GCA_001802135.1,JIONDOCD_00393,JIONDOCD_00392,JIONDOCD_00393
GCA_001803235.1,AANNENCC_03582,AANNENCC_03581,AANNENCC_03582
GCA_001803305.1,GIFCLDGH_03781,GIFCLDGH_03780,GIFCLDGH_03781
GCA_001803605.1,GCBOONNB_02079,GCBOONNB_02080,GCBOONNB_02079
GCA_001803635.1,EBCAKKNK_02493,EBCAKKNK_02492,EBCAKKNK_02493
GCA_001803705.1,EPMNHHLF_00789,EPMNHHLF_02206,EPMNHHLF_00789
GCA_001803845.1,EMEEJDOO_01859,EMEEJDOO_01858,EMEEJDOO_01859
GCA_001803945.1,OFDHPKAJ_00723,OFDHPKAJ_00722,OFDHPKAJ_00723
GCA_001804865.1,APLJNDNC_02416,APLJNDNC_02417,APLJNDNC_02416
GCA_001804885.1,KIDIHAMB_02782,KIDIHAMB_02783,KIDIHAMB_02782
GCA_001805105.1,EJHGCLJB_01567,EJHGCLJB_01568,EJHGCLJB_01567
GCA_001805295.1,ENBIFBOI_01136,ENBIFBOI_01137,ENBIFBOI_01136
GCA_001806225.1,CBLPHBFD_01707,CBLPHBFD_01708,CBLPHBFD_01707
GCA_001825565.1,CIPNDENF_00484,CIPNDENF_00485,CIPNDENF_00484
GCA_001828335.1,JLOMBFIF_03419,JLOMBFIF_03420,JLOMBFIF_03419
GCA_001829125.1,HAAJJNDE_00630,HAAJJNDE_00629,HAAJJNDE_00630
GCA_001829155.1,AINNEKEK_00089,AINNEKEK_00088,AINNEKEK_00089
GCA_001829165.1,FCMKJLNC_03250,FCMKJLNC_03251,FCMKJLNC_03250
GCA_001829185.1,LODPENPG_00688,LODPENPG_00689,LODPENPG_00688
GCA_001829215.1,EEDIGCND_01349,EEDIGCND_01350,EEDIGCND_01349
GCA_001829245.1,DHIMOJLO_01920,DHIMOJLO_01921,DHIMOJLO_01920
GCA_001829295.1,OBFPGMHC_00820,OBFPGMHC_00819,OBFPGMHC_00820
GCA_001829315.1,CCLJLNDJ_00210,CCLJLNDJ_00211,CCLJLNDJ_00210
GCA_001829335.1,OBJCHFBD_01082,OBJCHFBD_01083,OBJCHFBD_01082
GCA_001829345.1,AADKKFBL_00663,AADKKFBL_00664,AADKKFBL_00663
GCA_001829375.1,DLEDENOF_03051,DLEDENOF_03049,DLEDENOF_03051
GCA_001829395.1,PPKDLJDI_01099,PPKDLJDI_01100,PPKDLJDI_01099
GCA_001829415.1,BNOMDPLH_01892,BNOMDPLH_01891,BNOMDPLH_01892
GCA_001829455.1,DHIBHHLI_00754,DHIBHHLI_00755,DHIBHHLI_00754
GCA_001829495.1,MEMNDDNC_01792,MEMNDDNC_01793,MEMNDDNC_01792
GCA_001829505.1,IDEJJFEN_00684,IDEJJFEN_00683,IDEJJFEN_00684
GCA_001829535.1,GMBMALBE_00885,GMBMALBE_00886,GMBMALBE_00885
GCA_001829835.1,PKNLAIPO_01674,PKNLAIPO_01675,PKNLAIPO_01674
GCA_001829875.1,PAEGGFCP_01761,PAEGGFCP_01760,PAEGGFCP_01761
GCA_001830155.1,EKLMFBJK_00418,EKLMFBJK_00419,EKLMFBJK_00418
GCA_001830615.1,DAABBCGH_02266,DAABBCGH_02265,DAABBCGH_02266
GCA_001830635.1,FJJKKDCD_02457,FJJKKDCD_02456,FJJKKDCD_02457
GCA_001830645.1,HLJLEFOA_02612,HLJLEFOA_02613,HLJLEFOA_02612
GCA_001830835.1,FPPOIKOH_00742,FPPOIKOH_00741,FPPOIKOH_00742
GCA_001854245.1,ACCDLJEN_01562,ACCDLJEN_01563,ACCDLJEN_01562
GCA_001871115.1,NACKBBKE_00914,NACKBBKE_00913,NACKBBKE_00914
GCA_001871685.1,MMKLPJMN_01596,MMKLPJMN_01595,MMKLPJMN_01596
GCA_001873285.1,LBGHFANC_00431,LBGHFANC_00432,LBGHFANC_00431
GCA_001873745.1,JHPGGCHM_00619,JHPGGCHM_00620,JHPGGCHM_00619
GCA_001873905.1,ECFLIOFC_01958,ECFLIOFC_01959,ECFLIOFC_01958
GCA_001873935.1,IEECNDNB_00490,IEECNDNB_00489,IEECNDNB_00490
GCA_001874525.1,LABBHDBL_00605,LABBHDBL_00604,LABBHDBL_00605
GCA_001897035.1,FOIIGNCF_00283,FOIIGNCF_00284,FOIIGNCF_00283
GCA_001902295.1,KOGKBOEC_01897,KOGKBOEC_01896,KOGKBOEC_01897
GCA_001936615.1,FOEHEFBF_02475,FOEHEFBF_02476,FOEHEFBF_02475
GCA_002009335.2,EMMMHJNG_01562,EMMMHJNG_01563,EMMMHJNG_01562
GCA_002051585.1,LCNKBCDO_02148,LCNKBCDO_02149,LCNKBCDO_02148
GCA_002067035.1,MFIFOKNJ_00539,MFIFOKNJ_00540,MFIFOKNJ_00539
GCA_002067045.1,JEJABBLE_01011,JEJABBLE_01010,JEJABBLE_01011
GCA_002067165.1,FMPKKAIE_03350,FMPKKAIE_03349,FMPKKAIE_03350
GCA_002067235.1,IGDILPPG_01180,IGDILPPG_01179,IGDILPPG_01180
GCA_002067315.1,NJGPMKEJ_01876,NJGPMKEJ_01877,NJGPMKEJ_01876
GCA_002067405.1,MBNGOCFC_01664,MBNGOCFC_01663,MBNGOCFC_01664
GCA_002067415.1,GNJOHHPN_00297,GNJOHHPN_00298,GNJOHHPN_00297
GCA_002067445.1,JHBGIGCF_00542,JHBGIGCF_00543,JHBGIGCF_00542
GCA_002067475.1,DDCBEADN_03382,DDCBEADN_03381,DDCBEADN_03382
GCA_002067485.1,JBLIOEGJ_01423,JBLIOEGJ_01424,JBLIOEGJ_01423
GCA_002067585.1,GKNGJNHD_02660,GKNGJNHD_02661,GKNGJNHD_02660
GCA_002067645.1,EDBODDKD_02236,EDBODDKD_02237,EDBODDKD_02236
GCA_002067815.1,ILNENOHF_01160,ILNENOHF_01161,ILNENOHF_01160
GCA_002067825.1,IGBLHFIM_02239,IGBLHFIM_02240,IGBLHFIM_02239
GCA_002067865.1,GJFDINBK_01329,GJFDINBK_01330,GJFDINBK_01329
GCA_002067895.1,EOMCADDP_00335,EOMCADDP_00334,EOMCADDP_00335
GCA_002067975.1,HODNFPKD_01770,HODNFPKD_01769,HODNFPKD_01770
GCA_002068015.1,NOMPCHLN_00650,NOMPCHLN_00651,NOMPCHLN_00650
GCA_002068035.1,PPADJACL_03839,PPADJACL_03838,PPADJACL_03839
GCA_002084945.1,ECBLDJPO_00642,ECBLDJPO_00641,ECBLDJPO_00642
GCA_002093115.1,AFCDOKII_02345,AFCDOKII_02346,AFCDOKII_02345
GCA_002117975.1,EFGJDCEI_00237,EFGJDCEI_00236,EFGJDCEI_00237
GCA_002196705.1,PFJCKMMM_02796,PFJCKMMM_02797,PFJCKMMM_02796
GCA_002196785.1,HJGCDLNH_01554,HJGCDLNH_01553,HJGCDLNH_01554
GCA_002202365.1,FMOODIKD_03025,FMOODIKD_03024,FMOODIKD_03025
GCA_002279275.1,KJDGJNAM_00639,KJDGJNAM_00640,KJDGJNAM_00639
GCA_002287215.1,BDFHCPFF_01196,BDFHCPFF_01197,BDFHCPFF_01196
GCA_002292015.1,MBMAFBPO_01733,MBMAFBPO_01732,MBMAFBPO_01733
GCA_002294405.1,EPJIFBAC_01104,EPJIFBAC_01105,EPJIFBAC_01104
GCA_002298125.1,LNGPCFEA_01143,LNGPCFEA_01142,LNGPCFEA_01143
GCA_002298165.1,CKJHNKFG_03238,CKJHNKFG_03237,CKJHNKFG_03238
GCA_002298915.1,DMLNDOLK_01534,DMLNDOLK_01535,DMLNDOLK_01534
GCA_002298925.1,MHODFLHP_01488,MHODFLHP_01487,MHODFLHP_01488
GCA_002298995.1,BAOJECGG_01270,BAOJECGG_01269,BAOJECGG_01270
GCA_002299555.1,GHGMGMAB_01673,GHGMGMAB_01674,GHGMGMAB_01673
GCA_002304835.1,CMINLDON_00204,CMINLDON_00205,CMINLDON_00204
GCA_002304995.1,JOOIPKHE_02573,JOOIPKHE_02572,JOOIPKHE_02573
GCA_002305765.1,LJPNFJOP_01535,LJPNFJOP_01534,LJPNFJOP_01535
GCA_002306665.1,HCBAGGMI_02396,HCBAGGMI_02397,HCBAGGMI_02396
GCA_002306975.1,OJFJBCGB_02732,OJFJBCGB_02731,OJFJBCGB_02732
GCA_002307015.1,HNCOILFL_02530,HNCOILFL_02531,HNCOILFL_02530
GCA_002307275.1,NLJPGJNF_02208,NLJPGJNF_02207,NLJPGJNF_02208
GCA_002312915.1,FIHEFHPP_01747,FIHEFHPP_01748,FIHEFHPP_01747
GCA_002319915.1,NNDILIGJ_00620,NNDILIGJ_00619,NNDILIGJ_00620
GCA_002322035.1,LLCBAAMH_00774,LLCBAAMH_00775,LLCBAAMH_00774
GCA_002322475.1,GDAPEHEG_02187,GDAPEHEG_02188,GDAPEHEG_02187
GCA_002327415.1,NNOKMIFP_00995,NNOKMIFP_00994,NNOKMIFP_00995
GCA_002327925.1,IFDCMDEF_00055,IFDCMDEF_00056,IFDCMDEF_00055
GCA_002327985.1,FFANFGDG_01397,FFANFGDG_01398,FFANFGDG_01397
GCA_002328165.1,IKIFFFDK_02111,IKIFFFDK_02112,IKIFFFDK_02111
GCA_002328485.1,KKLBHMJL_01267,KKLBHMJL_01268,KKLBHMJL_01267
GCA_002329025.1,DGEMEFPI_02890,DGEMEFPI_02891,DGEMEFPI_02890
GCA_002340985.1,HBCDCIHO_01160,HBCDCIHO_01161,HBCDCIHO_01160
GCA_002345625.1,KKLFBEHP_00046,KKLFBEHP_00045,KKLFBEHP_00046
GCA_002345925.1,ECDPJDFI_01871,ECDPJDFI_01870,ECDPJDFI_01871
GCA_002347185.1,EDJGACNG_00960,EDJGACNG_00959,EDJGACNG_00960
GCA_002347225.1,ENEBHGDA_00131,ENEBHGDA_00130,ENEBHGDA_00131
GCA_002347365.1,GHNLIHBO_01514,GHNLIHBO_01515,GHNLIHBO_01514
GCA_002347425.1,IEJGFDGM_01002,IEJGFDGM_01001,IEJGFDGM_01002
GCA_002347465.1,OAFKKMIE_01589,OAFKKMIE_01588,OAFKKMIE_01589
GCA_002347685.1,IPDLLCNA_01174,IPDLLCNA_01173,IPDLLCNA_01174
GCA_002347745.1,OAIDDKBG_01253,OAIDDKBG_01252,OAIDDKBG_01253
GCA_002347815.1,JELDJOAN_00310,JELDJOAN_00309,JELDJOAN_00310
GCA_002348045.1,GJKNJBGJ_00882,GJKNJBGJ_00079,GJKNJBGJ_00882
GCA_002367115.1,KINGMADF_02394,KINGMADF_02393,KINGMADF_02394
GCA_002375855.1,BFBCJJED_01957,BFBCJJED_01958,BFBCJJED_01957
GCA_002376415.1,PMMMAABA_01347,PMMMAABA_01346,PMMMAABA_01347
GCA_002376665.1,GGEBAFCM_03183,GGEBAFCM_03184,GGEBAFCM_03183
GCA_002380735.1,EFFFJLJE_01396,EFFFJLJE_01395,EFFFJLJE_01396
GCA_002380925.1,BPIMLLMO_00755,BPIMLLMO_00756,BPIMLLMO_00755
GCA_002381185.1,LEPNFCDJ_02263,LEPNFCDJ_02262,LEPNFCDJ_02263
GCA_002381895.1,DJLCKCPD_01163,DJLCKCPD_01162,DJLCKCPD_01163
GCA_002381965.1,HLDFBMHM_01372,HLDFBMHM_01371,HLDFBMHM_01372
GCA_002382045.1,LCNEAEHL_01076,LCNEAEHL_01077,LCNEAEHL_01076
GCA_002382135.1,NEAHKPHK_00200,NEAHKPHK_00199,NEAHKPHK_00200
GCA_002382705.1,LHMINLHM_01535,LHMINLHM_01534,LHMINLHM_01535
GCA_002382725.1,FDDDECAE_01479,FDDDECAE_01480,FDDDECAE_01479
GCA_002382755.1,AKANGMCH_00519,AKANGMCH_00520,AKANGMCH_00519
GCA_002382785.1,GPEANMAP_00235,GPEANMAP_00236,GPEANMAP_00235
GCA_002383325.1,GBJINOFC_00958,GBJINOFC_00957,GBJINOFC_00958
GCA_002386685.1,PDBIJNDH_00742,PDBIJNDH_00743,PDBIJNDH_00742
GCA_002387895.1,NKNECMAO_03867,NKNECMAO_03868,NKNECMAO_03867
GCA_002396925.1,DIKGJFPE_00733,DIKGJFPE_00732,DIKGJFPE_00733
GCA_002397225.1,KKMEGIOO_02101,KKMEGIOO_02102,KKMEGIOO_02101
GCA_002397955.1,DBIPLNND_00145,DBIPLNND_00146,DBIPLNND_00145
GCA_002398105.1,HLLMLGOI_01130,HLLMLGOI_01131,HLLMLGOI_01130
GCA_002398325.1,IIHKFGOE_00059,IIHKFGOE_00058,IIHKFGOE_00059
GCA_002399145.1,LBCHPDCJ_00603,LBCHPDCJ_00602,LBCHPDCJ_00603
GCA_002399315.1,PNOFFAFC_01845,PNOFFAFC_01846,PNOFFAFC_01845
GCA_002400005.1,GGKIHHED_01042,GGKIHHED_01043,GGKIHHED_01042
GCA_002400365.1,HBKIAEOM_04090,HBKIAEOM_04089,HBKIAEOM_04090
GCA_002402385.1,JPNPOFOB_01139,JPNPOFOB_01140,JPNPOFOB_01139
GCA_002402545.1,HLJIFKMK_00700,HLJIFKMK_00701,HLJIFKMK_00700
GCA_002402945.1,DOGOBIJK_00423,DOGOBIJK_00424,DOGOBIJK_00423
GCA_002403175.1,JKCCFEHE_01705,JKCCFEHE_01706,JKCCFEHE_01705
GCA_002403815.1,PNEIBBLE_03324,PNEIBBLE_03325,PNEIBBLE_03324
GCA_002404215.1,JHHBNJAP_02120,JHHBNJAP_02121,JHHBNJAP_02120
GCA_002407865.1,BLIIIDKO_00463,BLIIIDKO_00462,BLIIIDKO_00463
GCA_002408285.1,MLFCMJLF_00138,MLFCMJLF_00139,MLFCMJLF_00138
GCA_002408305.1,HNCBFLBD_01159,HNCBFLBD_01160,HNCBFLBD_01159
GCA_002408445.1,FGJCBKEG_00936,FGJCBKEG_00935,FGJCBKEG_00936
GCA_002408685.1,JCEOAGOB_01489,JCEOAGOB_01488,JCEOAGOB_01489
GCA_002408885.1,OIJMCKLI_00271,OIJMCKLI_00272,OIJMCKLI_00271
GCA_002408935.1,HBOJBFEL_01046,HBOJBFEL_01045,HBOJBFEL_01046
GCA_002409825.1,CELEBKCF_02638,CELEBKCF_02639,CELEBKCF_02638
GCA_002410325.1,AEGMMBDH_03633,AEGMMBDH_03634,AEGMMBDH_03633
GCA_002410865.1,DGAMCCAG_01887,DGAMCCAG_01886,DGAMCCAG_01887
GCA_002411325.1,PMOKOEIK_01672,PMOKOEIK_01671,PMOKOEIK_01672
GCA_002412435.1,EGAEKKFH_00055,EGAEKKFH_00054,EGAEKKFH_00055
GCA_002412715.1,ICKDFFEI_01694,ICKDFFEI_01695,ICKDFFEI_01694
GCA_002412825.1,NDEHPAAO_02738,NDEHPAAO_02737,NDEHPAAO_02738
GCA_002412965.1,KMPNBMIA_01227,KMPNBMIA_01228,KMPNBMIA_01227
GCA_002413075.1,AJBGMKFO_01423,AJBGMKFO_01424,AJBGMKFO_01423
GCA_002413245.1,JGLADHBA_02030,JGLADHBA_02031,JGLADHBA_02030
GCA_002414225.1,MJJIEDGG_00899,MJJIEDGG_00898,MJJIEDGG_00899
GCA_002415855.1,PAOGNADJ_03198,PAOGNADJ_03197,PAOGNADJ_03198
GCA_002418185.1,CEJDHOAI_01525,CEJDHOAI_01526,CEJDHOAI_01525
GCA_002418585.1,ELOBJAIA_00981,ELOBJAIA_00980,ELOBJAIA_00981
GCA_002418825.1,OICNNEAD_01053,OICNNEAD_01054,OICNNEAD_01053
GCA_002418835.1,CEJILMAL_00912,CEJILMAL_00913,CEJILMAL_00912
GCA_002418985.1,NFECCAAK_00874,NFECCAAK_00873,NFECCAAK_00874
GCA_002419085.1,MJJEJNPA_02796,MJJEJNPA_02797,MJJEJNPA_02796
GCA_002419385.1,NBKINHNH_02631,NBKINHNH_02630,NBKINHNH_02631
GCA_002419525.1,OBPFIFPJ_01578,OBPFIFPJ_01577,OBPFIFPJ_01578
GCA_002419605.1,PMFHDEOB_02222,PMFHDEOB_02223,PMFHDEOB_02222
GCA_002420525.1,CEIIPICJ_02605,CEIIPICJ_02606,CEIIPICJ_02605
GCA_002421695.1,OCCLPLGB_02385,OCCLPLGB_02386,OCCLPLGB_02385
GCA_002422465.1,NJJDFNNG_01948,NJJDFNNG_01947,NJJDFNNG_01948
GCA_002423615.1,OMLFDANA_01297,OMLFDANA_01296,OMLFDANA_01297
GCA_002423765.1,PGDJPPLF_01829,PGDJPPLF_01828,PGDJPPLF_01829
GCA_002424125.1,IHPECHPA_02520,IHPECHPA_02521,IHPECHPA_02520
GCA_002424635.1,BOIEHMEO_01324,BOIEHMEO_01325,BOIEHMEO_01324
GCA_002426245.1,MEFPHEPA_00888,MEFPHEPA_00887,MEFPHEPA_00888
GCA_002426625.1,IHJPGFDC_02379,IHJPGFDC_02380,IHJPGFDC_02379
GCA_002428495.1,ELFKICJE_01749,ELFKICJE_01748,ELFKICJE_01749
GCA_002428705.1,OHANDBDB_00854,OHANDBDB_00855,OHANDBDB_00854
GCA_002428765.1,HNNECFLC_00270,HNNECFLC_00271,HNNECFLC_00270
GCA_002432985.1,LOFAPKJK_01485,LOFAPKJK_01484,LOFAPKJK_01485
GCA_002435875.1,FLMMGHID_02321,FLMMGHID_02322,FLMMGHID_02321
GCA_002441385.1,PINAJIIC_01752,PINAJIIC_01751,PINAJIIC_01752
GCA_002448235.1,PDDCJMMP_02511,PDDCJMMP_02512,PDDCJMMP_02511
GCA_002448905.1,JODGPGPM_01063,JODGPGPM_01064,JODGPGPM_01063
GCA_002451165.1,EKNGEILP_00889,EKNGEILP_00890,EKNGEILP_00889
GCA_002452125.1,DDNHIHGJ_01242,DDNHIHGJ_01243,DDNHIHGJ_01242
GCA_002452365.1,LMKCNHJN_02319,LMKCNHJN_02320,LMKCNHJN_02319
GCA_002452635.1,HKPJBJBL_00313,HKPJBJBL_00314,HKPJBJBL_00313
GCA_002469335.1,LPGGJLPP_00578,LPGGJLPP_00577,LPGGJLPP_00578
GCA_002471555.1,MNACEMME_00261,MNACEMME_00260,MNACEMME_00261
GCA_002478265.1,JGAHLBFA_01769,JGAHLBFA_01768,JGAHLBFA_01769
GCA_002478275.1,EJLFLBNA_01294,EJLFLBNA_01295,EJLFLBNA_01294
GCA_002479215.1,ALGJCHKG_01412,ALGJCHKG_01413,ALGJCHKG_01412
GCA_002482545.1,ANKIGKAL_00560,ANKIGKAL_00559,ANKIGKAL_00560
GCA_002482655.1,LLCPIINA_02233,LLCPIINA_02234,LLCPIINA_02233
GCA_002494705.1,AOLMMBAJ_01738,AOLMMBAJ_01737,AOLMMBAJ_01738
GCA_002495055.1,JOJMOIPJ_00215,JOJMOIPJ_00214,JOJMOIPJ_00215
GCA_002495065.1,OFMLPNGF_00649,OFMLPNGF_00650,OFMLPNGF_00649
GCA_002495585.1,MGOGEHIA_00078,MGOGEHIA_00079,MGOGEHIA_00078
GCA_002495775.1,KMNGDHOF_00474,KMNGDHOF_00473,KMNGDHOF_00474
GCA_002496345.1,MHJGFKFJ_01478,MHJGFKFJ_01477,MHJGFKFJ_01478
GCA_002496855.1,APAMHONH_00187,APAMHONH_00186,APAMHONH_00187
GCA_002497445.1,IJBDNEPB_00421,IJBDNEPB_00422,IJBDNEPB_00421
GCA_002497995.1,AOBNEEEK_00837,AOBNEEEK_00838,AOBNEEEK_00837
GCA_002498285.1,KGGLDPAL_01722,KGGLDPAL_01721,KGGLDPAL_01722
GCA_002498295.1,GDECBFKG_02236,GDECBFKG_02237,GDECBFKG_02236
GCA_002498375.1,INDGFGCA_00692,INDGFGCA_00693,INDGFGCA_00692
GCA_002498705.1,KKNDLOMO_00306,KKNDLOMO_00307,KKNDLOMO_00306
GCA_002498825.1,OPMOFEND_00865,OPMOFEND_00864,OPMOFEND_00865
GCA_002499025.1,DNDBPCIH_00055,DNDBPCIH_00054,DNDBPCIH_00055
GCA_002499825.1,DLBEHFPI_01759,DLBEHFPI_01760,DLBEHFPI_01759
GCA_002502005.1,JGHIMCGA_01243,JGHIMCGA_01244,JGHIMCGA_01243
GCA_002502245.1,GJGNEBHC_01414,GJGNEBHC_01413,GJGNEBHC_01414
GCA_002502735.1,AADDOCAN_02116,AADDOCAN_02117,AADDOCAN_02116
GCA_002502975.1,JAIKEOCJ_01558,JAIKEOCJ_01559,JAIKEOCJ_01558
GCA_002503495.1,FNOMOMFJ_01972,FNOMOMFJ_01973,FNOMOMFJ_01972
GCA_002503645.1,CNNLLBBK_01184,CNNLLBBK_01183,CNNLLBBK_01184
GCA_002503825.1,HNFAKEMI_01141,HNFAKEMI_01140,HNFAKEMI_01141
GCA_002504525.1,KBKJDCNC_01108,KBKJDCNC_01109,KBKJDCNC_01108
GCA_002505225.1,FDLCMAEE_02105,FDLCMAEE_02104,FDLCMAEE_02105
GCA_002506085.1,GIHHICAA_00514,GIHHICAA_00513,GIHHICAA_00514
GCA_002506105.1,ODEJEPMP_01285,ODEJEPMP_01286,ODEJEPMP_01285
GCA_002506145.1,ADHGCMPG_01022,ADHGCMPG_01021,ADHGCMPG_01022
GCA_002506785.1,NPDCBHLA_02172,NPDCBHLA_02171,NPDCBHLA_02172
GCA_002508425.1,JDHKKKMC_00768,JDHKKKMC_00769,JDHKKKMC_00768
GCA_002508495.1,EPDENHOC_01568,EPDENHOC_01569,EPDENHOC_01568
GCA_002508545.1,BKNODKHA_00782,BKNODKHA_00783,BKNODKHA_00782
GCA_002508555.1,GIFNIFFI_01139,GIFNIFFI_01138,GIFNIFFI_01139
GCA_002508585.1,CLJDDIDK_01631,CLJDDIDK_01632,CLJDDIDK_01631
GCA_002509495.1,POINIJML_00898,POINIJML_00897,POINIJML_00898
GCA_002509505.1,LGIJLPOE_01668,LGIJLPOE_01667,LGIJLPOE_01668
GCA_002687435.1,BHAACGMP_00669,BHAACGMP_00670,BHAACGMP_00669
GCA_002711645.1,OAGHNOOK_01046,OAGHNOOK_01045,OAGHNOOK_01046
GCA_002733995.1,HEFABIDL_00689,HEFABIDL_00690,HEFABIDL_00689
GCA_002753225.1,JKOIHLEE_03725,JKOIHLEE_03726,JKOIHLEE_03725
GCA_002753335.1,HBNOILBJ_02312,HBNOILBJ_02313,HBNOILBJ_02312
GCA_002753435.1,NKBDDALO_01916,NKBDDALO_01915,NKBDDALO_01916
GCA_002771395.1,FIKLPCKD_01193,FIKLPCKD_01192,FIKLPCKD_01193
GCA_002771505.1,GCLNLAKN_00497,GCLNLAKN_00498,GCLNLAKN_00497
GCA_002774365.1,NEFJOBBK_01097,NEFJOBBK_01096,NEFJOBBK_01097
GCA_002774505.1,AOEOGCLI_01370,AOEOGCLI_01369,AOEOGCLI_01370
GCA_002779785.1,HELNKLBF_00386,HELNKLBF_00385,HELNKLBF_00386
GCA_002779905.1,LGNHHBDI_02282,LGNHHBDI_02281,LGNHHBDI_02282
GCA_002780715.1,OCBHOCHA_01583,OCBHOCHA_01584,OCBHOCHA_01583
GCA_002780905.1,JPEGHNEB_01942,JPEGHNEB_01941,JPEGHNEB_01942
GCA_002781345.1,FIBJCMIJ_00998,FIBJCMIJ_00997,FIBJCMIJ_00998
GCA_002781445.1,COEFMHHI_01556,COEFMHHI_01557,COEFMHHI_01556
GCA_002782115.1,LABOGNPI_00503,LABOGNPI_00503,LABOGNPI_00503
GCA_002782185.1,LODCLKNH_01106,LODCLKNH_01107,LODCLKNH_01106
GCA_002783085.1,JMDOLGBL_01480,JMDOLGBL_01481,JMDOLGBL_01480
GCA_002783725.1,BDKNPHOA_02984,BDKNPHOA_02985,BDKNPHOA_02984
GCA_002789935.1,JICKKACN_00772,JICKKACN_00771,JICKKACN_00772
GCA_002789985.1,PFPBEMOO_01022,PFPBEMOO_01021,PFPBEMOO_01022
GCA_002790755.1,LOJCGNPF_01046,LOJCGNPF_01045,LOJCGNPF_01046
GCA_002793335.1,OBABJEOM_01554,OBABJEOM_01553,OBABJEOM_01554
GCA_002796305.1,IMHNPBLF_01271,IMHNPBLF_01270,IMHNPBLF_01271
GCA_002796565.1,ICBENKGI_00485,ICBENKGI_00484,ICBENKGI_00485
GCA_002798115.1,OLCBBKJC_03157,OLCBBKJC_03156,OLCBBKJC_03157
GCA_002835825.1,HBAPPFMA_01372,HBAPPFMA_01371,HBAPPFMA_01372
GCA_002839185.1,MKDLDMNL_00875,MKDLDMNL_00876,MKDLDMNL_00875
GCA_002839245.1,CMJLAAAL_02592,CMJLAAAL_02593,CMJLAAAL_02592
GCA_002839285.1,HDJPCGGF_01436,HDJPCGGF_01435,HDJPCGGF_01436
GCA_002839375.1,PIMBAPPG_03821,PIMBAPPG_03820,PIMBAPPG_03821
GCA_002839545.1,IPMIDLMB_00220,IPMIDLMB_00219,IPMIDLMB_00220
GCA_002839605.1,ICCNIBNN_00026,ICCNIBNN_00027,ICCNIBNN_00026
GCA_002839675.1,PNLANKDC_02224,PNLANKDC_02223,PNLANKDC_02224
GCA_002839855.1,LBJAPOJN_01862,LBJAPOJN_01863,LBJAPOJN_01862
GCA_002840355.1,OHPBBMKL_00040,OHPBBMKL_00039,OHPBBMKL_00040
GCA_002840435.1,LHLHICIE_02696,LHLHICIE_02695,LHLHICIE_02696
GCA_002840495.1,HIHBCMPL_01952,HIHBCMPL_01953,HIHBCMPL_01952
GCA_002840505.1,HMDLNIFD_00789,HMDLNIFD_00788,HMDLNIFD_00789
GCA_002840535.1,NHGGCMEG_03270,NHGGCMEG_03269,NHGGCMEG_03270
GCA_002840555.1,DMNFCBKK_02458,DMNFCBKK_02459,DMNFCBKK_02458
GCA_002840565.1,PLBANGIE_01566,PLBANGIE_01567,PLBANGIE_01566
GCA_002840635.1,IJDEBKEG_00094,IJDEBKEG_00095,IJDEBKEG_00094
GCA_002840935.1,LJFLPODF_01734,LJFLPODF_01735,LJFLPODF_01734
GCA_002841275.1,KDLHEAHN_00332,KDLHEAHN_00333,KDLHEAHN_00332
GCA_002841295.1,FAPJIGAC_00530,FAPJIGAC_00529,FAPJIGAC_00530
GCA_002841355.1,DMDOIKOE_01733,DMDOIKOE_01734,DMDOIKOE_01733
GCA_002841395.1,DGDNEBFK_02139,DGDNEBFK_02140,DGDNEBFK_02139
GCA_002841405.1,BOGGKPCL_01427,BOGGKPCL_01428,BOGGKPCL_01427
GCA_002841765.1,CMOFMGBB_02195,CMOFMGBB_02196,CMOFMGBB_02195
GCA_002841785.1,MHOJJFHK_02238,MHOJJFHK_02239,MHOJJFHK_02238
GCA_002841885.1,AHDAIKJE_00233,AHDAIKJE_00234,AHDAIKJE_00233
GCA_002868845.1,PPFKGMHI_01013,PPFKGMHI_01012,PPFKGMHI_01013
GCA_002868865.1,MNIDIFJL_00887,MNIDIFJL_00886,MNIDIFJL_00887
GCA_002868905.1,KIOBOKMM_02849,KIOBOKMM_02850,KIOBOKMM_02849
GCA_002868925.1,PDJLJOJF_02404,PDJLJOJF_02403,PDJLJOJF_02404
GCA_002868945.1,POKLLKLE_01212,POKLLKLE_01211,POKLLKLE_01212
GCA_002868955.1,GAMDLCNP_01417,GAMDLCNP_01418,GAMDLCNP_01417
GCA_002868985.1,DKLGDONI_01341,DKLGDONI_01340,DKLGDONI_01341
GCA_002869005.1,DPOKADKJ_00834,DPOKADKJ_00833,DPOKADKJ_00834
GCA_002869015.1,ANOOGGHJ_01487,ANOOGGHJ_01486,ANOOGGHJ_01487
GCA_002869615.1,GEJJKKJM_00291,GEJJKKJM_00290,GEJJKKJM_00291
GCA_002869665.1,ODAJMNAC_00843,ODAJMNAC_00844,ODAJMNAC_00843
GCA_002869695.1,LEHHJCOC_00839,LEHHJCOC_00840,LEHHJCOC_00839
GCA_002869725.1,LLLELBOF_02440,LLLELBOF_02441,LLLELBOF_02440
GCA_002897615.1,ANEKHAMB_00845,ANEKHAMB_00844,ANEKHAMB_00845
GCA_002897695.1,OAMMDOJC_02080,OAMMDOJC_02079,OAMMDOJC_02080
GCA_002897815.1,LGIFEGCJ_00932,LGIFEGCJ_00933,LGIFEGCJ_00932
GCA_002897855.1,IKNGGCBA_00102,IKNGGCBA_00103,IKNGGCBA_00102
GCA_002897975.1,GCNKCHCM_01681,GCNKCHCM_01682,GCNKCHCM_01681
GCA_002898515.1,PGPPHFOA_01751,PGPPHFOA_01750,PGPPHFOA_01751
GCA_002995785.1,GDOMGJKO_02333,GDOMGJKO_02332,GDOMGJKO_02333
GCA_003003035.1,GCHDBJDJ_02074,GCHDBJDJ_02073,GCHDBJDJ_02074
GCA_003020045.1,PPDDBFKK_00996,PPDDBFKK_00995,PPDDBFKK_00996
GCA_003046795.1,OALFNKGO_00281,OALFNKGO_00280,OALFNKGO_00281
GCA_003053505.1,MIIKDFOJ_01165,MIIKDFOJ_01164,MIIKDFOJ_01165
GCA_003104905.1,AHNKALNG_00823,AHNKALNG_00824,AHNKALNG_00823
GCA_003132645.1,EAGCLGCC_00366,EAGCLGCC_00365,EAGCLGCC_00366
GCA_003133285.1,GMCDAEHA_00728,GMCDAEHA_00729,GMCDAEHA_00728
GCA_003135935.1,POONNDJG_00563,POONNDJG_00562,POONNDJG_00563
GCA_003136075.1,FDMJCCHH_00023,FDMJCCHH_00022,FDMJCCHH_00023
GCA_003136095.1,AHOIDMMI_02176,AHOIDMMI_02175,AHOIDMMI_02176
GCA_003137035.1,LGJLHIFK_02212,LGJLHIFK_02213,LGJLHIFK_02212
GCA_003138315.1,LPDGJDMH_02156,LPDGJDMH_02157,LPDGJDMH_02156
GCA_003138675.1,DIEOFKCI_02562,DIEOFKCI_02563,DIEOFKCI_02562
GCA_003138835.1,IHOECDPB_00700,IHOECDPB_00701,IHOECDPB_00700
GCA_003139105.1,FDBPHMNI_00256,FDBPHMNI_00257,FDBPHMNI_00256
GCA_003139775.1,GALAPJED_02003,GALAPJED_02004,GALAPJED_02003
GCA_003140615.1,NJDFENNO_01259,NJDFENNO_01260,NJDFENNO_01259
GCA_003141275.1,EMHEPOCF_00363,EMHEPOCF_00362,EMHEPOCF_00363
GCA_003141415.1,ANOGBKNC_01916,ANOGBKNC_01915,ANOGBKNC_01916
GCA_003141495.1,CIFLKLDM_00795,CIFLKLDM_00796,CIFLKLDM_00795
GCA_003141525.1,BGHIJOPK_01306,BGHIJOPK_01307,BGHIJOPK_01306
GCA_003141555.1,EOIJGNNO_01451,EOIJGNNO_01450,EOIJGNNO_01451
GCA_003141575.1,IMEGKKCF_02327,IMEGKKCF_02328,IMEGKKCF_02327
GCA_003141595.1,FCODCFNE_01931,FCODCFNE_01930,FCODCFNE_01931
GCA_003141715.1,EBEKBODL_02674,EBEKBODL_02675,EBEKBODL_02674
GCA_003141755.1,AKFEKFNK_03377,AKFEKFNK_03378,AKFEKFNK_03377
GCA_003141795.1,AODCKDNA_00939,AODCKDNA_00940,AODCKDNA_00939
GCA_003141895.1,AFLLMFID_02603,AFLLMFID_02604,AFLLMFID_02603
GCA_003142255.1,IGJAHFNO_00609,IGJAHFNO_00608,IGJAHFNO_00609
GCA_003142295.1,FEKPEAJB_00147,FEKPEAJB_00146,FEKPEAJB_00147
GCA_003142355.1,PHMJKLNL_01617,PHMJKLNL_06185,PHMJKLNL_01617
GCA_003142475.1,GGILCKEN_01187,GGILCKEN_01186,GGILCKEN_01187
GCA_003142535.1,KMCNFJGF_01675,KMCNFJGF_01676,KMCNFJGF_01675
GCA_003142575.1,GBJDKDCP_02834,GBJDKDCP_02833,GBJDKDCP_02834
GCA_003142635.1,OMLGICDI_03478,OMLGICDI_03479,OMLGICDI_03478
GCA_003142715.1,OLMAJDFE_00667,OLMAJDFE_00666,OLMAJDFE_00667
GCA_003142835.1,KKGNKGBC_00356,KKGNKGBC_00357,KKGNKGBC_00356
GCA_003142875.1,EHPOFFHK_00088,EHPOFFHK_00087,EHPOFFHK_00088
GCA_003151775.1,FBMMBCNP_01552,FBMMBCNP_01553,FBMMBCNP_01552
GCA_003152715.1,IFCDJMGK_02188,IFCDJMGK_02189,IFCDJMGK_02188
GCA_003152875.1,BLMGPDPC_03364,BLMGPDPC_03363,BLMGPDPC_03364
GCA_003152935.1,KNIBPOEI_02540,KNIBPOEI_02541,KNIBPOEI_02540
GCA_003153075.1,MOCBEJKL_01943,MOCBEJKL_01944,MOCBEJKL_01943
GCA_003153725.1,OAPPGNJA_01919,OAPPGNJA_01921,OAPPGNJA_01919
GCA_003153775.1,GADHGLDD_00790,GADHGLDD_00789,GADHGLDD_00790
GCA_003153795.1,JAJNLFMN_03094,JAJNLFMN_03093,JAJNLFMN_03094
GCA_003153835.1,JOIJDDGM_01987,JOIJDDGM_01988,JOIJDDGM_01987
GCA_003153935.1,BBBELNBI_01126,BBBELNBI_01127,BBBELNBI_01126
GCA_003153955.1,PLMGMDBH_00117,PLMGMDBH_00116,PLMGMDBH_00117
GCA_003154095.1,HJHJLBOA_04271,HJHJLBOA_04270,HJHJLBOA_04271
GCA_003154255.1,FKNBAFMF_00378,FKNBAFMF_00379,FKNBAFMF_00378
GCA_003154455.1,CKFKFJOC_01460,CKFKFJOC_01459,CKFKFJOC_01460
GCA_003154475.1,BMKINFAN_01742,BMKINFAN_01741,BMKINFAN_01742
GCA_003154495.1,OFGBOAGO_01420,OFGBOAGO_01421,OFGBOAGO_01420
GCA_003154595.1,CCEIFOOC_00633,CCEIFOOC_00634,CCEIFOOC_00633
GCA_003154615.1,HAMBEGMB_00046,HAMBEGMB_00045,HAMBEGMB_00046
GCA_003154635.1,MKNEBMHC_01629,MKNEBMHC_01628,MKNEBMHC_01629
GCA_003154715.1,KCOEBLCF_00390,KCOEBLCF_00391,KCOEBLCF_00390
GCA_003154725.1,NCPGCONH_00146,NCPGCONH_00147,NCPGCONH_00146
GCA_003155275.1,BCPNPANF_02105,BCPNPANF_02104,BCPNPANF_02105
GCA_003155375.1,LHKBJEKK_01036,LHKBJEKK_01037,LHKBJEKK_01036
GCA_003155455.1,OLCNJMFI_00867,OLCNJMFI_00866,OLCNJMFI_00867
GCA_003155495.1,ONOLOMGD_02009,ONOLOMGD_02010,ONOLOMGD_02009
GCA_003155505.1,LPMOHICJ_00766,LPMOHICJ_00765,LPMOHICJ_00766
GCA_003155595.1,OJBJBPBN_04654,OJBJBPBN_04655,OJBJBPBN_04654
GCA_003155705.1,JLDBLKBK_01340,JLDBLKBK_01339,JLDBLKBK_01340
GCA_003156875.1,KGEFNHEA_02199,KGEFNHEA_02200,KGEFNHEA_02199
GCA_003156895.1,KNFHDFJD_02273,KNFHDFJD_02274,KNFHDFJD_02273
GCA_003157015.1,ABNNHAFK_01428,ABNNHAFK_01429,ABNNHAFK_01428
GCA_003157075.1,CDHMGCGE_02564,CDHMGCGE_02563,CDHMGCGE_02564
GCA_003157225.1,PGPGJHPN_03140,PGPGJHPN_03141,PGPGJHPN_03140
GCA_003157475.1,CLECIBLG_02419,CLECIBLG_02418,CLECIBLG_02419
GCA_003157495.1,KGHCLKHF_03808,KGHCLKHF_03809,KGHCLKHF_03808
GCA_003157735.1,IGBILODD_02624,IGBILODD_02625,IGBILODD_02624
GCA_003157745.1,FNADFJAA_02823,FNADFJAA_02822,FNADFJAA_02823
GCA_003157835.1,HAPBOFHK_00941,HAPBOFHK_00940,HAPBOFHK_00941
GCA_003157895.1,MEBJLFJC_00898,MEBJLFJC_00899,MEBJLFJC_00898
GCA_003158355.1,MPFFFDMH_00500,MPFFFDMH_00499,MPFFFDMH_00500
GCA_003158395.1,KIDPBIEM_01398,KIDPBIEM_01399,KIDPBIEM_01398
GCA_003158435.1,GHNDMMHF_03017,GHNDMMHF_03016,GHNDMMHF_03017
GCA_003158535.1,JCNIECGN_01124,JCNIECGN_01125,JCNIECGN_01124
GCA_003158615.1,AIKBOJLO_03505,AIKBOJLO_03504,AIKBOJLO_03505
GCA_003158735.1,LIDIFIHF_04590,LIDIFIHF_04589,LIDIFIHF_04590
GCA_003158775.1,CJNCAAOC_02345,CJNCAAOC_02346,CJNCAAOC_02345
GCA_003158815.1,KOKFAPOG_02041,KOKFAPOG_02042,KOKFAPOG_02041
GCA_003159015.1,DINFGHDF_03984,DINFGHDF_03985,DINFGHDF_03984
GCA_003159495.1,ALJEKHMF_01270,ALJEKHMF_01269,ALJEKHMF_01270
GCA_003159865.1,CFONOKIB_01074,CFONOKIB_01075,CFONOKIB_01074
GCA_003161685.1,BLBEHFJK_00262,BLBEHFJK_00263,BLBEHFJK_00262
GCA_003161895.1,OCHCIKMJ_00750,OCHCIKMJ_00749,OCHCIKMJ_00750
GCA_003161915.1,CAOHOLIK_00834,CAOHOLIK_00835,CAOHOLIK_00834
GCA_003162335.1,EGBIPAKA_01168,EGBIPAKA_01428,EGBIPAKA_01168
GCA_003162595.1,JKEDGKBH_00818,JKEDGKBH_00819,JKEDGKBH_00818
GCA_003162695.1,OCCLLKKG_02277,OCCLLKKG_02278,OCCLLKKG_02277
GCA_003163755.1,BGBECAJP_03138,BGBECAJP_03137,BGBECAJP_03138
GCA_003164335.1,JLLBPIIL_01845,JLLBPIIL_01844,JLLBPIIL_01845
GCA_003165055.1,MHLBNFEK_02880,MHLBNFEK_02879,MHLBNFEK_02880
GCA_003165115.1,LOEDEDJK_03964,LOEDEDJK_03963,LOEDEDJK_03964
GCA_003165235.1,MLKPLHMF_00822,MLKPLHMF_00823,MLKPLHMF_00822
GCA_003165595.1,AAGFGJFP_01998,AAGFGJFP_01997,AAGFGJFP_01998
GCA_003165815.1,OPPLMCCC_01693,OPPLMCCC_01694,OPPLMCCC_01693
GCA_003166505.1,KMGLHDAH_01883,KMGLHDAH_01882,KMGLHDAH_01883
GCA_003167475.1,OFOICEGE_02291,OFOICEGE_02290,OFOICEGE_02291
GCA_003168735.1,BDHOJAGD_00364,BDHOJAGD_00365,BDHOJAGD_00364
GCA_003169075.1,NLBACFFK_01032,NLBACFFK_01031,NLBACFFK_01032
GCA_003170055.1,AJGDKHMH_00367,AJGDKHMH_00368,AJGDKHMH_00367
GCA_003170075.1,DMGPNAGD_00762,DMGPNAGD_00761,DMGPNAGD_00762
GCA_003170115.1,PJHFALAO_03228,PJHFALAO_03227,PJHFALAO_03228
GCA_003170135.1,OJDFNFNG_01147,OJDFNFNG_01148,OJDFNFNG_01147
GCA_003170975.1,JJDDBPIC_00288,JJDDBPIC_00287,JJDDBPIC_00288
GCA_003171175.1,CHILLHOD_01551,CHILLHOD_01552,CHILLHOD_01551
GCA_003171275.1,GEIDDEJC_02901,GEIDDEJC_02902,GEIDDEJC_02901
GCA_003173355.1,PIFDHFII_01814,PIFDHFII_01815,PIFDHFII_01814
GCA_003228585.1,ICJCKAPL_01480,ICJCKAPL_01479,ICJCKAPL_01480
GCA_003234985.1,BFHMJCCI_01463,BFHMJCCI_01462,BFHMJCCI_01463
GCA_003235275.1,DHGAABLA_00380,DHGAABLA_00381,DHGAABLA_00380
GCA_003236115.1,FOHMGNCM_04842,FOHMGNCM_04843,FOHMGNCM_04842
GCA_003245525.1,ELDDELFM_03800,ELDDELFM_03801,ELDDELFM_03800
GCA_003245635.1,EOPIGBJC_01499,EOPIGBJC_01498,EOPIGBJC_01499
GCA_003245695.1,FEFPDADP_02150,FEFPDADP_02151,FEFPDADP_02150
GCA_003245835.1,OBKBJPIJ_00123,OBKBJPIJ_00124,OBKBJPIJ_00123
GCA_003245915.1,DDPEJFDP_01047,DDPEJFDP_01048,DDPEJFDP_01047
GCA_003246295.1,BDJDPKKB_01315,BDJDPKKB_01314,BDJDPKKB_01315
GCA_003246975.1,EIPPIKEF_00095,EIPPIKEF_00094,EIPPIKEF_00095
GCA_003247115.1,EKIKAFIO_01559,EKIKAFIO_01560,EKIKAFIO_01559
GCA_003247215.1,GIOGBEBH_00885,GIOGBEBH_00886,GIOGBEBH_00885
GCA_003250215.1,OAHDEEII_00710,OAHDEEII_00711,OAHDEEII_00710
GCA_003250235.1,DOKOGHPJ_02874,DOKOGHPJ_02875,DOKOGHPJ_02874
GCA_003252075.1,GNFBKBBN_01658,GNFBKBBN_01659,GNFBKBBN_01658
GCA_003252375.1,HMEEHKKE_00835,HMEEHKKE_00836,HMEEHKKE_00835
GCA_003252395.1,DPBOMEOC_02116,DPBOMEOC_02115,DPBOMEOC_02116
GCA_003314535.1,PCIEBLGA_00057,PCIEBLGA_00058,PCIEBLGA_00057
GCA_003337725.1,ILJPFPIH_00441,ILJPFPIH_00442,ILJPFPIH_00441
GCA_003353835.1,GNDCJENP_00249,GNDCJENP_03285,GNDCJENP_00249
GCA_003353845.1,GLDMDKJE_03199,GLDMDKJE_03200,GLDMDKJE_03199
GCA_003353855.1,KDMKFBGJ_00588,KDMKFBGJ_00587,KDMKFBGJ_00588
GCA_003354055.1,NLEBENPI_04604,NLEBENPI_04603,NLEBENPI_04604
GCA_003550525.1,GMLFKLCP_00131,GMLFKLCP_00130,GMLFKLCP_00131
GCA_003551035.1,ELJEKCGL_00767,ELJEKCGL_01733,ELJEKCGL_00767
GCA_003551205.1,FKFEJCAJ_00554,FKFEJCAJ_00555,FKFEJCAJ_00554
GCA_003551785.1,ECNBCKEB_03246,ECNBCKEB_03245,ECNBCKEB_03246
GCA_003551985.1,PMDHPFND_01880,PMDHPFND_01881,PMDHPFND_01880
GCA_003553695.1,JNBGCEIC_00315,JNBGCEIC_00314,JNBGCEIC_00315
GCA_003553735.1,DCEMKJMO_00390,DCEMKJMO_00389,DCEMKJMO_00390
GCA_003553955.1,PMLEPNOM_01527,PMLEPNOM_01528,PMLEPNOM_01527
GCA_003553975.1,EJOOPGKG_00217,EJOOPGKG_00218,EJOOPGKG_00217
GCA_003554395.1,CCKLCGFK_00255,CCKLCGFK_00256,CCKLCGFK_00255
GCA_003554725.1,NOPOCMGI_00251,NOPOCMGI_00250,NOPOCMGI_00251
GCA_003555305.1,KBMDCNKL_01520,KBMDCNKL_01522,KBMDCNKL_01520
GCA_003555325.1,MNCCANGH_00560,MNCCANGH_00559,MNCCANGH_00560
GCA_003556225.1,NDBHFDIL_01021,NDBHFDIL_01022,NDBHFDIL_01021
GCA_003557245.1,PDFMKHCF_00514,PDFMKHCF_00515,PDFMKHCF_00514
GCA_003557565.1,KKDAPBFH_00853,KKDAPBFH_00852,KKDAPBFH_00853
GCA_003558625.1,PGEPAJJJ_00050,PGEPAJJJ_00049,PGEPAJJJ_00050
GCA_003561325.1,HCKEHAJP_00196,HCKEHAJP_00195,HCKEHAJP_00196
GCA_003561375.1,BGGHCJBN_00545,BGGHCJBN_00544,BGGHCJBN_00545
GCA_003561605.1,LIBDILGC_01436,LIBDILGC_01435,LIBDILGC_01436
GCA_003563065.1,KGBKFAJF_00866,KGBKFAJF_00865,KGBKFAJF_00866
GCA_003563695.1,EOOLFMMC_02523,EOOLFMMC_02522,EOOLFMMC_02523
GCA_003564275.1,LBOLBEBI_00803,LBOLBEBI_00802,LBOLBEBI_00803
GCA_003566455.1,ADCLAFKK_01120,ADCLAFKK_01119,ADCLAFKK_01120
GCA_003566645.1,JIAJNOCM_01836,JIAJNOCM_01837,JIAJNOCM_01836
GCA_003567495.1,CDDKDLLP_00040,CDDKDLLP_00041,CDDKDLLP_00040
GCA_003567515.1,JFDBHAIJ_00787,JFDBHAIJ_00788,JFDBHAIJ_00787
GCA_003567555.1,KAMNFFDB_01343,KAMNFFDB_01344,KAMNFFDB_01343
GCA_003567715.1,ODKABPKO_01483,ODKABPKO_01484,ODKABPKO_01483
GCA_003568005.1,NLIHHMEG_00011,NLIHHMEG_00010,NLIHHMEG_00011
GCA_003574175.1,MJOMBAEE_01400,MJOMBAEE_01399,MJOMBAEE_01400
GCA_003574885.1,OLOKNMGE_01271,OLOKNMGE_01270,OLOKNMGE_01271
GCA_003574895.1,MOBCAALB_01367,MOBCAALB_01368,MOBCAALB_01367
GCA_003590275.1,FJEHOKDM_02430,FJEHOKDM_02431,FJEHOKDM_02430
GCA_003597945.1,CBMDMCLH_00097,CBMDMCLH_00098,CBMDMCLH_00097
GCA_003597995.1,MGMBEFGG_00298,MGMBEFGG_00299,MGMBEFGG_00298
GCA_003599575.1,GEHJPGBC_01053,GEHJPGBC_01054,GEHJPGBC_01053
GCA_003599865.1,CEJNCCMJ_00600,CEJNCCMJ_00599,CEJNCCMJ_00600
GCA_003605055.1,BDIIIKDB_02552,BDIIIKDB_02551,BDIIIKDB_02552
GCA_003612835.1,GKEAMMGB_00971,GKEAMMGB_00970,GKEAMMGB_00971
GCA_003612855.1,HHFMOLMK_00995,HHFMOLMK_00994,HHFMOLMK_00995
GCA_003646975.1,KBDNMNHL_01699,KBDNMNHL_01698,KBDNMNHL_01699
GCA_003647375.1,GOMOHPCE_01846,GOMOHPCE_01847,GOMOHPCE_01846
GCA_003647385.1,JKFNELPB_01130,JKFNELPB_01129,JKFNELPB_01130
GCA_003647445.1,OHJIFCMB_00357,OHJIFCMB_00358,OHJIFCMB_00357
GCA_003647485.1,APKGPCEB_02308,APKGPCEB_02309,APKGPCEB_02308
GCA_003647755.1,GENOBGLL_00570,GENOBGLL_00569,GENOBGLL_00570
GCA_003648415.1,BHFJOLDI_01214,BHFJOLDI_01215,BHFJOLDI_01214
GCA_003648655.1,LLCGAMFG_01177,LLCGAMFG_01176,LLCGAMFG_01177
GCA_003694255.1,JKOJMAJP_02671,JKOJMAJP_02670,JKOJMAJP_02671
GCA_003696505.1,LFLGBMHM_00705,LFLGBMHM_00704,LFLGBMHM_00705
GCA_003712145.1,CHOGJOHJ_02475,CHOGJOHJ_02476,CHOGJOHJ_02475
GCA_003751385.1,OACHNBDF_01261,OACHNBDF_01262,OACHNBDF_01261
GCA_003818675.1,EFBIEBKE_02281,EFBIEBKE_02280,EFBIEBKE_02281
GCA_003819735.1,KJPJPFEP_00183,KJPJPFEP_00182,KJPJPFEP_00183
GCA_003819755.1,HFLOHCEG_01468,HFLOHCEG_01469,HFLOHCEG_01468
GCA_003819975.1,BLDAGCKO_01706,BLDAGCKO_01707,BLDAGCKO_01706
GCA_003820265.1,HGDFGMGO_03648,HGDFGMGO_03647,HGDFGMGO_03648
GCA_003838035.1,KDMLFHDH_01587,KDMLFHDH_01586,KDMLFHDH_01587
GCA_003838235.1,DIKIPKAL_00510,DIKIPKAL_00511,DIKIPKAL_00510
GCA_003857395.1,BEAGEAKD_00909,BEAGEAKD_00908,BEAGEAKD_00909
GCA_003966735.1,GHKDDKHC_02026,GHKDDKHC_02027,GHKDDKHC_02026
GCA_003978695.1,OLIONNBL_01566,OLIONNBL_01567,OLIONNBL_01566
GCA_004025585.1,KBIBOEDG_00694,KBIBOEDG_00695,KBIBOEDG_00694
GCA_004102745.1,AGNNABEL_00168,AGNNABEL_00167,AGNNABEL_00168
GCA_004117875.1,EALLILBB_01205,EALLILBB_01206,EALLILBB_01205
GCA_004195035.1,ONBFGKOD_00701,ONBFGKOD_00702,ONBFGKOD_00701
GCA_004195345.1,FNNLBJOI_04265,FNNLBJOI_04266,FNNLBJOI_04265
GCA_004321905.1,PMHCMLIP_00182,PMHCMLIP_00183,PMHCMLIP_00182
GCA_004321915.1,NDBPPMGB_00055,NDBPPMGB_00056,NDBPPMGB_00055
GCA_004321925.1,EBFOMCBG_01988,EBFOMCBG_01989,EBFOMCBG_01988
GCA_004322245.1,PMLFJGKH_02339,PMLFJGKH_02338,PMLFJGKH_02339
GCA_004322275.1,HEHHMBFN_01270,HEHHMBFN_01269,HEHHMBFN_01270
GCA_004343605.1,OKAPDCDI_01846,OKAPDCDI_01847,OKAPDCDI_01846
GCA_004343635.1,FPODCFIG_00934,FPODCFIG_00935,FPODCFIG_00934
GCA_004343725.1,FAFHFCPF_00192,FAFHFCPF_00193,FAFHFCPF_00192
GCA_004345905.1,GIIPCGAD_01004,GIIPCGAD_01005,GIIPCGAD_01004
GCA_004348925.1,LNCELDAE_00412,LNCELDAE_00411,LNCELDAE_00412
GCA_004365595.1,HNAHGGHC_00607,HNAHGGHC_00608,HNAHGGHC_00607
GCA_004375785.1,JLGCPPGC_00187,JLGCPPGC_00186,JLGCPPGC_00187
GCA_004376055.1,LOIFMJJK_02200,LOIFMJJK_02199,LOIFMJJK_02200
GCA_004376575.1,ILIBBFDC_01861,ILIBBFDC_01860,ILIBBFDC_01861
GCA_004377365.1,NDMBGMJC_04214,NDMBGMJC_04215,NDMBGMJC_04214
GCA_004525155.1,KIPAMGKB_02424,KIPAMGKB_02423,KIPAMGKB_02424
GCA_004525355.1,EKKJEHCN_00093,EKKJEHCN_00094,EKKJEHCN_00093
GCA_004525545.1,EAGMIGBO_01498,EAGMIGBO_01499,EAGMIGBO_01498
GCA_004526055.1,KODDMHKI_00107,KODDMHKI_00108,KODDMHKI_00107
GCA_004766045.1,IPENOIAC_00549,IPENOIAC_00550,IPENOIAC_00549
GCA_004766055.1,IHONDCLN_00344,IHONDCLN_00343,IHONDCLN_00344
GCA_004791675.1,CFGPPIBD_03796,CFGPPIBD_03795,CFGPPIBD_03796
GCA_004796425.1,LFPEEFFP_03843,LFPEEFFP_03844,LFPEEFFP_03843
GCA_004796465.1,BKHMJKNP_01830,BKHMJKNP_01831,BKHMJKNP_01830
GCA_004917065.1,JLDEDENP_03302,JLDEDENP_03301,JLDEDENP_03302
GCA_004917075.1,ONLEABKA_03921,ONLEABKA_03920,ONLEABKA_03921
GCA_005116645.1,KNDOLNJB_02203,KNDOLNJB_02204,KNDOLNJB_02203
GCA_005116655.1,PLNDIKAA_03185,PLNDIKAA_03186,PLNDIKAA_03185
GCA_005116675.1,CHOGGANL_03204,CHOGGANL_03203,CHOGGANL_03204
GCA_005222505.1,FNFMEGPF_00997,FNFMEGPF_00996,FNFMEGPF_00997
GCA_005774545.1,CGIEJGFM_01068,CGIEJGFM_01069,CGIEJGFM_01068
GCA_006226855.1,JNCCPAGC_00222,JNCCPAGC_00223,JNCCPAGC_00222
GCA_007244375.1,KALHAJAL_02500,KALHAJAL_02501,KALHAJAL_02500
GCA_007279735.1,OCFCAGCO_00055,OCFCAGCO_00056,OCFCAGCO_00055
GCA_007280195.1,HPCJFIPK_01080,HPCJFIPK_01079,HPCJFIPK_01080
GCA_007559175.1,KGBBAJND_03284,KGBBAJND_03283,KGBBAJND_03284
GCA_007625075.1,AFHFOKPG_01667,AFHFOKPG_01666,AFHFOKPG_01667
GCA_007625085.1,MPPJBHBB_04146,MPPJBHBB_04145,MPPJBHBB_04146
GCA_900101345.1,LLJFHJPH_02700,LLJFHJPH_02699,LLJFHJPH_02700
GCA_900101495.1,JEMLGCGF_00094,JEMLGCGF_00095,JEMLGCGF_00094
GCA_900103065.1,PJGGGMFM_01010,PJGGGMFM_01011,PJGGGMFM_01010
GCA_900105645.1,FHEBBPKM_02542,FHEBBPKM_02541,FHEBBPKM_02542
GCA_900109885.1,HECIANOJ_03144,HECIANOJ_03143,HECIANOJ_03144
GCA_900111615.1,IHDFGGMB_02784,IHDFGGMB_02785,IHDFGGMB_02784
GCA_900114115.1,IFFNDBIH_03712,IFFNDBIH_03713,IFFNDBIH_03712
GCA_900114595.1,KJCPINNJ_03086,KJCPINNJ_03085,KJCPINNJ_03086
GCA_900129305.1,FBOMIKGN_02739,FBOMIKGN_02738,FBOMIKGN_02739
GCA_900129935.1,FKNPKGCA_00430,FKNPKGCA_00431,FKNPKGCA_00430
GCA_900130015.1,NECJIMCF_02362,NECJIMCF_02363,NECJIMCF_02362
GCA_900142215.1,FPPJHICE_00409,FPPJHICE_00408,FPPJHICE_00409
GCA_900143645.1,ACKDDBBB_04380,ACKDDBBB_04381,ACKDDBBB_04380
GCA_900167065.1,OLCBBFGO_02178,OLCBBFGO_02177,OLCBBFGO_02178
GCA_900167235.1,PKHHKOJL_03363,PKHHKOJL_03364,PKHHKOJL_03363
GCA_900170035.1,MDMPKGLM_01146,MDMPKGLM_01147,MDMPKGLM_01146
GCA_900176285.1,FHBJBDEA_02321,FHBJBDEA_02322,FHBJBDEA_02321
GCA_900176365.1,PCLPBIMG_00374,PCLPBIMG_00373,PCLPBIMG_00374
GCA_900184255.1,KIOILIJB_03666,KIOILIJB_03667,KIOILIJB_03666
GCA_900185645.1,KHGMKIPE_02870,KHGMKIPE_02869,KHGMKIPE_02870
GCA_900187405.1,CKOICMMD_02169,CKOICMMD_02170,CKOICMMD_02169
GCA_900217235.1,MKOHKKEO_03045,MKOHKKEO_03046,MKOHKKEO_03045
GCA_900290365.1,KLIPKAOP_03592,KLIPKAOP_03593,KLIPKAOP_03592
GCA_900290375.1,FGCLGPDB_04303,FGCLGPDB_04304,FGCLGPDB_04303
GCA_900476375.1,INODIDGJ_02351,INODIDGJ_02352,INODIDGJ_02351