locus_tag	taxonomy
archaea01057_AJKNAAPB_04982	Woesearchaeota
archaea01060_EMPHDKLP_01389	Woesearchaeota
archaea00142_HHDAACJM_00559	Methanolobus psychrophilus R15 
archaea00857_JDHKKKMC_00769	Methanosarcinaceae archaeon UBA470
archaea00024_PDDGDOMI_00955	Methanospirillum hungatei JF-1 
archaea00572_NICLOEEA_01160	Methanolinea sp. UBA277
archaea00966_JOIJDDGM_01988	Methanoregula sp.
archaea00859_JCHBLBEB_03074	Methanosarcina sp. UBA7
archaea00041_LEJFPFGL_00441	Methanoregula boonei 6A8 
archaea00075_OOGDEKMJ_00841	Methanocella arvoryzae MRE50 
archaea00145_LIGJDFKK_00957	Methanoregula formicica SMSP 
archaea01059_EBPGIEJA_02871	Euryarchaeota
archaea01029_JJDDBPIC_00287	Methanoregula sp.
archaea00981_MEBJLFJC_00899	Methanoregula sp.
archaea00330_JOJMOIPJ_00214	Methanoregula sp. UBA247
archaea00449_IJBDNEPB_00422	Methanoregula sp. UBA450
archaea00861_EPDENHOC_01569	Methanoregula sp. UBA276
archaea00420_APAMHONH_00186	Methanolinea sp. UBA145
archaea00518_OPMOFEND_00864	Methanolinea sp. UBA437
archaea00568_DLBEHFPI_01760	Methanolinea sp. UBA245
archaea00643_JAIKEOCJ_01559	Methanolinea sp. UBA451
archaea00783_ODEJEPMP_01286	Methanolinea sp. UBA275
archaea00912_LGIJLPOE_01668	Methanolinea sp. UBA155
archaea00366_KMNGDHOF_00473	Methanoregula sp. UBA244
archaea00492_GDECBFKG_02237	Methanoregula sp. UBA434
archaea00529_DNDBPCIH_00054	Methanoregula sp. UBA143
archaea00606_GJGNEBHC_01413	Methanoregula sp. UBA154
archaea00784_ADHGCMPG_01021	Methanoregula sp. UBA274
archaea00816_NPDCBHLA_02171	Methanoregula sp. UBA452
archaea00911_POINIJML_00897	Methanolinea sp. UBA473
archaea00685_HNFAKEMI_01140	Methanoregulaceae archaeon UBA467
archaea00015_LPHPIJGE_00746	Methanocella paludicola SANAE 
archaea00781_GIHHICAA_00513	Methanocorpusculaceae archaeon UBA425
archaea00331_OFMLPNGF_00650	Methanoregula sp. UBA471
archaea00496_INDGFGCA_00693	Methanocorpusculum sp. UBA424
archaea00148_KJFMNEMA_00630	Methanomethylovorans hollandica DSM 15978 
archaea00631_AADDOCAN_02117	Methanoregula sp. UBA64
archaea00512_KKNDLOMO_00307	Methanocorpusculum sp. UBA362
archaea01023_DMGPNAGD_00761	Methanoregula sp.
archaea00312_AOLMMBAJ_01737	Methanomassiliicoccus sp. UBA238
archaea00944_FDMJCCHH_00022	Methanoregula sp.
archaea00050_HMJEKIEB_01042	Methanosphaerula palustris E1-9c 
archaea00491_KGGLDPAL_01721	Methanomassiliicoccus sp. UBA386
archaea00863_BKNODKHA_00783	Methanomassiliicoccus sp. UBA6
archaea00357_MGOGEHIA_00079	Methanomassiliicoccus sp. UBA292
archaea00394_MHJGFKFJ_01477	Methanomassiliicoccus sp. UBA382
archaea00477_AOBNEEEK_00838	Methanomassiliicoccus sp. UBA393
archaea00595_JGHIMCGA_01244	Methanomassiliicoccus sp. UBA321
archaea00669_FNOMOMFJ_01973	Methanomassiliicoccus sp. UBA335
archaea00676_CNNLLBBK_01183	Methanomassiliicoccus sp. UBA315
archaea00704_KBKJDCNC_01109	Methanomassiliicoccus sp. UBA345
archaea00738_FDLCMAEE_02104	Methanomassiliicoccus sp. UBA429
archaea00864_GIFNIFFI_01138	Methanomassiliicoccus sp. UBA364
archaea00865_CLJDDIDK_01632	Methanomassiliicoccus sp. UBA360
archaea01058_ILEBKPPL_00609	Euryarchaeota
archaea00943_POONNDJG_00562	Methanomassiliicoccaceae archaeon
bacteria02135_LLKGBECD_02748	Desulfitobacterium dehalogenans ATCC 51507 
bacteria02472_FBOANMCK_01090	Dehalobacter sp. DCA 
bacteria02474_OMPMLNDN_01170	Dehalobacter sp. CF 
bacteria03013_KAIELNLB_01961	Dehalobacter restrictus DSM 9455 
bacteria14060_GGEBAFCM_03184	Hungateiclostridiaceae bacterium UBA3548
bacteria02180_KJAPFONA_01596	Desulfosporosinus acidiphilus SJ4 
bacteria15291_PNEIBBLE_03325	Desulfosporosinus sp. UBA4745
bacteria15664_AJBGMKFO_01424	Desulfosporosinus sp. UBA5188
bacteria15672_JGLADHBA_02031	Desulfosporosinus sp. UBA5179
bacteria02048_ACCBMJEC_01725	Desulfitobacterium metallireducens DSM 15288 
bacteria02134_BDEBGKKP_00764	Desulfitobacterium dichloroeliminans LMG P-21439 
bacteria02069_BLDBGEHN_02594	Desulfosporosinus orientis DSM 765 
bacteria15465_FGJCBKEG_00935	Syntrophomonas sp. UBA5288
bacteria15457_MLFCMJLF_00139	Peptococcaceae bacterium UBA5318
bacteria01635_MKAFJNDH_00992	Ethanoligenens harbinense YUAN-3 
bacteria19726_PPDDBFKK_00995	Ethanoligenens harbinense YUAN-3 
bacteria22395_GKEAMMGB_00970	Ethanoligenens harbinense 
bacteria22396_HHFMOLMK_00994	Ethanoligenens harbinense 
bacteria15310_JHHBNJAP_02121	Desulfosporosinus sp. UBA4726
bacteria15105_IIHKFGOE_00058	Syntrophomonas sp. UBA4894
bacteria15155_PNOFFAFC_01846	Syntrophomonas sp. UBA4878
bacteria15465_FGJCBKEG_00924	Syntrophomonas sp. UBA5288
bacteria15587_DGAMCCAG_01886	Syntrophomonas sp. UBA5380
bacteria14020_BFBCJJED_01958	Clostridiales bacterium UBA3578
bacteria16382_HNNECFLC_00271	Desulfosporosinus sp. UBA6075
bacteria15873_ELOBJAIA_00980	Desulfosporosinus sp. UBA5775
bacteria09073_KOGKBOEC_01896	Clostridium kluyveri 
bacteria14347_GPEANMAP_00236	Desulfosporosinus sp. UBA4048
bacteria16068_NJJDFNNG_01947	Peptococcaceae bacterium UBA6129
bacteria14048_PMMMAABA_01346	Clostridiales bacterium UBA3582
bacteria15094_HLLMLGOI_01131	Syntrophomonas sp. UBA4911
bacteria15035_DIKGJFPE_00732	Syntrophomonas sp. UBA4990
bacteria15050_KKMEGIOO_02102	Syntrophomonas sp. UBA4968
bacteria15458_HNCBFLBD_01160	Syntrophomonas sp. UBA5316
bacteria15490_HBOJBFEL_01045	Syntrophomonas sp. UBA5246
bacteria15609_PMOKOEIK_01671	Syntrophomonas sp. UBA5298
bacteria15632_EGAEKKFH_00054	Syntrophomonas sp. UBA5221
bacteria16150_IHPECHPA_02521	Syntrophomonas sp. UBA5481
bacteria16256_MEFPHEPA_00887	Syntrophomonas sp. UBA5504
bacteria16275_IHJPGFDC_02380	Syntrophomonas sp. UBA5443
bacteria18037_ANKIGKAL_00559	Sporomusaceae bacterium UBA7701
bacteria15487_OIJMCKLI_00272	Lentisphaeria bacterium UBA5247
bacteria10831_MBMAFBPO_01732	Firmicutes bacterium UBA993
bacteria11343_NLJPGJNF_02207	Hungateiclostridiaceae bacterium UBA1305
bacteria15189_GGKIHHED_01043	Syntrophomonas sp. UBA4844
bacteria20489_KMCNFJGF_01676	Syntrophaceae bacterium
bacteria23291_GCJIPMPF_00595	Clostridiales
bacteria12556_HBCDCIHO_01161	Firmicutes bacterium UBA2530
bacteria17323_DDNHIHGJ_01243	Firmicutes bacterium UBA6827
bacteria15559_AEGMMBDH_03634	Syntrophomonas sp. UBA5314
bacteria12162_LALEGCHP_01246	Lachnoclostridium sp. UBA1434
bacteria14269_LEPNFCDJ_02262	Firmicutes bacterium UBA3553
bacteria16132_PGDJPPLF_01828	Firmicutes bacterium UBA5526
bacteria14523_PDBIJNDH_00743	Firmicutes bacterium UBA4599
bacteria20292_LPDGJDMH_02157	Syntrophaceae bacterium
bacteria20309_DIEOFKCI_02563	Syntrophaceae bacterium
bacteria20316_IHOECDPB_00701	Syntrophaceae bacterium
bacteria20330_FDBPHMNI_00257	Syntrophaceae bacterium
bacteria20361_GALAPJED_02004	Syntrophaceae bacterium
bacteria20400_NJDFENNO_01260	Syntrophaceae bacterium
bacteria20505_EHPOFFHK_00087	Syntrophaceae bacterium
bacteria21102_BGBECAJP_03137	Syntrophaceae bacterium
bacteria21162_MHLBNFEK_02879	Syntrophaceae bacterium
bacteria21197_OPPLMCCC_01694	Syntrophaceae bacterium
bacteria21230_KMGLHDAH_01882	Syntrophaceae bacterium
bacteria21335_BDHOJAGD_00365	Syntrophaceae bacterium
bacteria21351_NLBACFFK_01031	Syntrophaceae bacterium
bacteria23280_PCHOMGJB_01549	Clostridiales
bacteria11094_LNGPCFEA_01142	Clostridium sp. UBA701
bacteria01723_EAMKJMCM_02376	Syntrophobotulus glycolicus DSM 8271 
bacteria23288_MMJNOOFM_00725	Clostridiales
bacteria07743_OKDBIKEL_00687	Deltaproteobacteria bacterium RBG_16_58_17
bacteria08704_PKNLAIPO_01675	Syntrophobacterales bacterium GWF2_56_9
bacteria08753_FPPOIKOH_00741	Syntrophobacterales bacterium GWC2_56_13
bacteria23268_IGMGDMIC_02349	Deltaproteobacteria
bacteria23269_LKHOCGCE_00912	DPANN
bacteria23316_NDLPAHBF_03339	Deltaproteobacteria
bacteria20569_FBMMBCNP_01553	Geobacter sp.
bacteria07791_JNIPCBBC_00333	Deltaproteobacteria bacterium RBG_19FT_COMBO_43_11
bacteria11328_OJFJBCGB_02731	Ruminococcaceae bacterium UBA1320
bacteria11556_FIHEFHPP_01748	Syntrophaceae bacterium UBA1164
bacteria17870_ALGJCHKG_01413	Syntrophaceae bacterium UBA7544
bacteria23257_NGOLNOIP_02972	
bacteria23309_KNOCKKJJ_04579	Deltaproteobacteria
bacteria23263_MGOOJFMF_03538	Deltaproteobacteria
bacteria07738_GJCIDBGD_00860	Deltaproteobacteria bacterium RBG_16_44_11
bacteria15227_HLJIFKMK_00701	Syntrophaceae bacterium UBA4810
bacteria04577_DPNFNEMJ_02468	Desulfuromonas soudanensis 
bacteria14315_NEAHKPHK_00199	Smithella sp. UBA4047
bacteria15924_PMFHDEOB_02223	Smithella sp. UBA5724
bacteria14310_LCNEAEHL_01077	Syntrophaceae bacterium UBA4059
bacteria05416_BIAMPPBD_02869	Desulfuromonas sp. DDH964 
bacteria00725_NOEKPPCC_01270	Geobacter metallireducens GS-15 
bacteria12088_IKIFFFDK_02112	Desulfobacteraceae bacterium UBA2156
bacteria12131_DGEMEFPI_02891	Desulfobacteraceae bacterium UBA2130
bacteria15970_CEIIPICJ_02606	Desulfobacteraceae bacterium UBA5681
bacteria23314_GHMKNPPH_00734	Aminicedantes
bacteria07783_FCLOPNML_01412	Deltaproteobacteria bacterium RBG_13_47_9
bacteria23270_BHDIHDOK_00954	Deltaproteobacteria
bacteria20706_KCOEBLCF_00391	Dehalococcoidia bacterium
bacteria02248_IABCJLNJ_01023	Desulfomonile tiedjei DSM 6799 
bacteria20666_GADHGLDD_00789	Syntrophaceae bacterium
bacteria20699_CCEIFOOC_00634	Dehalococcoidia bacterium
bacteria20742_OLCNJMFI_00866	Dehalococcoidia bacterium
bacteria20871_GHNDMMHF_03016	Dehalococcoidia bacterium
bacteria20889_KOKFAPOG_02042	Dehalococcoidia bacterium
bacteria12051_NNOKMIFP_00994	Smithella sp. UBA2180
bacteria15893_NFECCAAK_00873	Deltaproteobacteria bacterium UBA5756
bacteria20503_KKGNKGBC_00357	Syntrophaceae bacterium
bacteria17128_PDDCJMMP_02512	Syntrophaceae bacterium UBA6087
bacteria20477_FEKPEAJB_00146	Syntrophaceae bacterium
bacteria15146_LBCHPDCJ_00602	Syntrophomonas sp. UBA4889
bacteria15534_CELEBKCF_02639	Syntrophomonas sp. UBA5373
bacteria20615_IFCDJMGK_02189	Syntrophaceae bacterium
bacteria16029_OCCLPLGB_02386	Smithella sp. UBA6208
bacteria17335_LMKCNHJN_02320	Smithella sp. UBA6798
bacteria20631_MOCBEJKL_01944	Dehalococcoidia bacterium
bacteria20672_PLMGMDBH_00116	Dehalococcoidia bacterium
bacteria20692_CKFKFJOC_01459	Dehalococcoidia bacterium
bacteria23277_MFCNFCJH_01564	Deltaproteobacteria
bacteria15258_JKCCFEHE_01706	Syntrophaceae bacterium UBA4778
bacteria07624_LLLIDBJJ_00211	Deltaproteobacteria bacterium GWB2_65_81
bacteria20494_OMLGICDI_03479	Syntrophaceae bacterium
bacteria21447_CHILLHOD_01552	Syntrophaceae bacterium
bacteria01071_IPBLDDEA_01213	Geobacter bemidjiensis Bem 
bacteria15646_ICKDFFEI_01695	Deltaproteobacteria bacterium UBA5205
bacteria17822_JGAHLBFA_01768	Syntrophaceae bacterium UBA7520
bacteria15247_DOGOBIJK_00424	Pelotomaculum sp. UBA4789
bacteria06661_HLGIKBFC_01217	Candidatus Aminicenantes bacterium RBG_13_59_9
bacteria20675_FJGPHMLA_04473	Syntrophaceae bacterium
bacteria01141_CFCMBAHF_02506	Geobacter daltonii FRC-32 
bacteria03712_LIPCHPPJ_00976	Geobacter pickeringii 
bacteria23265_LCCCKDAK_00419	Deltaepsilon
bacteria20431_EMHEPOCF_00362	Phycisphaerales bacterium
bacteria23260_PLOJANDG_00574	Deltaepsilon
bacteria20692_CKFKFJOC_00475	Dehalococcoidia bacterium
bacteria23267_PIPJKGPG_00537	Deltaproteobacteria
bacteria15885_OICNNEAD_01054	Syntrophaceae bacterium UBA5764
bacteria12104_KKLBHMJL_01268	Deltaproteobacteria bacterium UBA2221
bacteria01199_JBGFFMOA_03095	Geobacter sp. M21 
bacteria00749_FEGEIJOP_02747	Syntrophus aciditrophicus SB 
bacteria15920_OBPFIFPJ_01577	Syntrophaceae bacterium UBA5726
bacteria12896_JELDJOAN_00309	Syntrophaceae bacterium UBA2251
bacteria14306_HLDFBMHM_01371	Syntrophaceae bacterium UBA4065
bacteria11138_BAOJECGG_01269	Desulfarculales bacterium UBA696
bacteria00897_DHKEEKAF_00504	Geobacter uraniireducens Rf4 
bacteria18042_LLCPIINA_02234	Geobacter sp. UBA7696
bacteria07943_JIONDOCD_00392	Geobacteraceae bacterium GWC2_58_44
bacteria16099_EPKOGHIL_01855	Geobacter sp. UBA6151
bacteria06570_ICNLEDCA_02401	Candidatus Aminicenantes bacterium RBG_13_63_10
bacteria23304_EGIFJPKB_01485	Deltaproteobacteria
bacteria00506_JLBDOOEP_01436	Geobacter sulfurreducens PCA 
bacteria01866_CFPPKEBE_01407	Geobacter sulfurreducens KN400 
bacteria23311_KFNJMAEM_00324	Deltaproteobacteria
bacteria08020_EPMNHHLF_02206	Nitrospirae bacterium GWC2_56_14
bacteria16593_LOFAPKJK_01484	Syntrophaceae bacterium UBA5828
bacteria07820_POKHAGGO_00552	Desulfuromonadales bacterium GWC2_61_20
bacteria06570_ICNLEDCA_01473	Candidatus Aminicenantes bacterium RBG_13_63_10
bacteria22278_MJOMBAEE_01399	Geobacter sulfurreducens 
bacteria01616_NOAOENBJ_01045	Geobacter sp. M18 
bacteria02631_NMKGPJJK_00333	Dehalococcoides mccartyi DCMB5 
bacteria05491_JCECMEAH_02147	Geobacter anodireducens 
bacteria06457_GJPHIEKD_00097	candidate division WOR-1 bacterium RIFOXYB2_FULL_42_35
bacteria06463_PBCKKHBI_00026	candidate division WOR-1 bacterium RIFOXYC2_FULL_41_25
bacteria06500_LEJGJKPP_00098	candidate division WOR-1 bacterium RIFOXYA2_FULL_41_14
bacteria23297_MPIPGGLG_01856	Clostridiales
bacteria12873_GHNLIHBO_01515	Actinobacteria bacterium UBA2279
bacteria07776_POCBJPEM_05277	Deltaproteobacteria bacterium RIFOXYA12_FULL_58_15
bacteria23282_OFLAEDME_01801	Deltaproteobacteria
bacteria01900_LFMIDIKC_00119	Desulfovibrio africanus str. Walvis Bay 
bacteria20876_JCNIECGN_01125	Ignavibacteriae bacterium
bacteria14247_EFFFJLJE_01395	Anaerolineales bacterium UBA4142
bacteria15208_HBKIAEOM_04089	Anaerolineales bacterium UBA4826
bacteria15636_FPLBDKBI_01792	Anaerolineales bacterium UBA5215
bacteria23296_FMKDHADB_01618	Firestonebacteria
bacteria20845_HAPBOFHK_00940	Ignavibacteriae bacterium
bacteria21020_CAOHOLIK_00835	Ignavibacteriae bacterium
bacteria23272_EMDJGJHF_01134	Deltaproteobacteria
bacteria07815_EFNOEHAJ_02111	Desulfobacterales bacterium RIFOXYA12_FULL_46_15
bacteria21052_OCCLLKKG_02278	Ignavibacteriae bacterium
bacteria23266_AJNNCPPA_01606	Firmicutes
bacteria11269_LJPNFJOP_01534	Deltaproteobacteria bacterium UBA1386
bacteria11222_CMINLDON_00205	Firmicutes bacterium UBA1422
bacteria15087_DBIPLNND_00146	Synergistaceae bacterium UBA4921
bacteria15477_JCEOAGOB_01488	Synergistaceae bacterium UBA5258
bacteria15495_FDDOLBGM_00770	Synergistaceae bacterium UBA5240
bacteria15553_HNMKPHJD_00859	Synergistaceae bacterium UBA5331
bacteria07809_DMEKENKD_02195	Deltaproteobacteria bacterium RIFOXYD12_FULL_57_12
bacteria01699_GAFAKDOP_00435	Desulfobulbus propionicus DSM 2032 
bacteria23264_LGFMLMBL_00003	Aminicendantes
bacteria23315_FDJIAINC_00645	Aminicendantes
bacteria16369_ELFKICJE_01748	Synergistaceae bacterium UBA6101
bacteria08785_ACCDLJEN_01563	Desulfococcus multivorans 
bacteria09687_EMMMHJNG_01563	Desulfococcus multivorans 
bacteria00193_IFKFGNMO_01239	Proteobacteria
bacteria20809_ABNNHAFK_01429	Bacteroidales bacterium
bacteria23317_JLABIAJD_02305	Aminicendantes
bacteria23313_MFAFHKOI_00071	Eisenbacteria
bacteria05209_ILMMGKGH_01762	Pseudodesulfovibrio indicus 
bacteria12889_IPDLLCNA_01173	Syntrophaceae bacterium UBA2280
bacteria23276_BKJOJOAL_02142	Bacteroidetes
bacteria12878_OAFKKMIE_01588	Geobacter sp. UBA2265
bacteria14303_DJLCKCPD_01162	Geobacter sp. UBA4078
bacteria15914_NBKINHNH_02630	Geobacter sp. UBA5735
bacteria21049_JKEDGKBH_00819	Bacteroidales bacterium
bacteria08617_CIPNDENF_00485	Desulfuromonadaceae bacterium GWC2_58_13
bacteria12876_IEJGFDGM_01001	Firmicutes bacterium UBA2269
bacteria14346_AKANGMCH_00520	Firmicutes bacterium UBA4049
bacteria17013_PINAJIIC_01751	Firmicutes bacterium UBA6245
bacteria17529_LPGGJLPP_00577	Firmicutes bacterium UBA6800
bacteria13742_LDKAGPDL_00161	Actinobacteria bacterium UBA3086
bacteria08670_AINNEKEK_00088	Spirochaetes bacterium GWB1_36_13
bacteria01708_HBPFIMBA_01084	Desulfovibrio desulfuricans ND132 
bacteria23293_CEANPPIE_03733	Betaproteobacteria
bacteria07782_POGFMLFP_00727	Deltaproteobacteria bacterium RIFOXYD12_FULL_53_23
bacteria06336_JPNJNHOP_00304	Bacteroidetes bacterium GWF2_35_48
bacteria06350_DJHBHONE_00371	Bacteroidetes bacterium RIFOXYA12_FULL_35_11
bacteria06369_NALAFBHJ_02728	Bacteroidetes bacterium RIFOXYC12_FULL_35_7
bacteria23306_DNLKGAIJ_01018	Lentisphaerae
bacteria20451_EBEKBODL_02675	Bacteroidales bacterium
bacteria23287_EECCFMGP_02064	Lentisphaerae
bacteria01626_EJOBKJBF_02712	Pseudodesulfovibrio aespoeensis Aspo-2 
bacteria20754_JLDBLKBK_01339	Bacteroidales bacterium
bacteria20436_ANOGBKNC_01915	Bacteroidales bacterium
bacteria20444_IMEGKKCF_02328	Bacteroidales bacterium
bacteria06450_BABFCFMP_00563	candidate division WOR-1 bacterium RIFOXYA12_FULL_43_27
bacteria06459_JLDHFOIK_01030	candidate division WOR-1 bacterium RIFOXYB2_FULL_46_45
bacteria06464_HBCGDHHL_01635	candidate division WOR-1 bacterium RIFOXYC2_FULL_46_14
bacteria06501_BLBHFNBE_01032	candidate division WOR-1 bacterium RIFOXYA2_FULL_46_56
bacteria06329_JOOOIJGI_03875	Bacteroidetes bacterium GWA2_31_9
bacteria07997_AANNENCC_03581	Lentisphaerae bacterium RIFOXYA12_64_32
bacteria08000_GIFCLDGH_03780	Lentisphaerae bacterium RIFOXYB12_FULL_65_16
bacteria23278_FJAJECJK_01301	Margulisbacteria
bacteria20443_EOIJGNNO_01450	Candidatus Aminicenantes bacterium
bacteria06288_KAHJNAMD_00523	Bacteroidetes bacterium GWA2_30_7
bacteria20440_CIFLKLDM_00796	Bacteroidales bacterium
bacteria08682_PPKDLJDI_01100	Spirochaetes bacterium GWF1_49_6
bacteria20491_GBJDKDCP_02833	Ignavibacteriae bacterium
bacteria23300_KIHINAHH_03153	Deltaproteobacteria
bacteria20100_GMCDAEHA_00729	Coriobacteriia bacterium
bacteria20458_AFLLMFID_02604	Bacteroidales bacterium
bacteria20707_NCPGCONH_00147	Bacteroidales bacterium
bacteria08079_KIDIHAMB_02784	Lentisphaerae bacterium RIFOXYA12_FULL_48_11
bacteria11886_LLCBAAMH_00775	Geobacter sp. UBA1603
bacteria06360_FJDKGABM_01076	Bacteroidetes bacterium RBG_13_46_8
bacteria00229_NECINHCG_03015	Proteobacteria
bacteria20667_JAJNLFMN_03093	Ignavibacteriae bacterium
bacteria20744_ONOLOMGD_02010	Ignavibacteriae bacterium
bacteria20828_CLECIBLG_02418	Ignavibacteriae bacterium
bacteria23308_NEDIPLLL_02089	Bacteroidetes
bacteria23281_PJJBDENK_00249	Bacteroidetes
bacteria17349_AJJLGFMP_01233	Firmicutes bacterium UBA6813
bacteria20931_CFONOKIB_01075	Syntrophaceae bacterium
bacteria20275_BDCJAEMM_02213	Solibacterales bacterium
bacteria20812_CDHMGCGE_02563	Bacteroidales bacterium
bacteria00203_IMLGHPIJ_01823	Bacteroidetes
bacteria20445_FCODCFNE_01930	Bacteroidales bacterium
bacteria20475_IGJAHFNO_00608	Bacteroidales bacterium
bacteria07810_OINCOHCM_00470	Deltaproteobacteria bacterium RIFOXYD12_FULL_56_24
bacteria20442_BGHIJOPK_01307	Bacteroidales bacterium
bacteria20453_AKFEKFNK_03378	Bacteroidales bacterium
bacteria07739_POLMCPBA_01871	Deltaproteobacteria bacterium RBG_16_48_10
bacteria14368_GBJINOFC_00957	Candidatus Aminicenantes bacterium UBA4085
bacteria07814_EMBJLKEI_01429	Desulfobacterales bacterium GWB2_56_26
bacteria23274_MMLJHNAL_01320	Lentisphaerae
bacteria23292_FCIFHNBE_00688	Lentisphaerae
bacteria23307_OOGLABKC_04844	Lentisphaerae
bacteria23294_JEJDJNMN_01263	Lentisphaerae
bacteria06781_ABAIHMEL_01193	Candidatus Firestonebacteria bacterium RIFOXYD2_FULL_39_29
bacteria06881_ANANCPGA_02018	Candidatus Firestonebacteria bacterium RIFOXYC2_FULL_39_67
bacteria11782_NNDILIGJ_00619	Bacteroidales bacterium UBA1800
bacteria21402_OJDFNFNG_01148	Acidobacteria bacterium
bacteria21452_GEIDDEJC_02902	Acidobacteria bacterium
bacteria10932_EPJIFBAC_01105	Anaerolineales bacterium UBA877
bacteria16125_OMLFDANA_01296	Desulfobacteraceae bacterium UBA5616
bacteria23295_ELLEMNOC_00863	Taylorbacteria
bacteria20752_KDMMLLEA_00913	Bacteroidales bacterium
bacteria06331_DHIFINIM_03489	Bacteroidetes bacterium GWA2_32_17
bacteria20700_HAMBEGMB_00045	Myxococcales bacterium
bacteria20841_IGBILODD_02625	Myxococcales bacterium
bacteria20869_KIDPBIEM_01399	Myxococcales bacterium
bacteria12786_KKLFBEHP_00045	Desulfuromonadaceae bacterium UBA2294
bacteria23302_GGHFDHGD_00426	Lentisphaerae
bacteria07316_LCDGFLOB_01332	Candidatus Raymondbacteria bacterium RifOxyA12_full_50_37
bacteria07317_ILGACDMA_02298	Candidatus Raymondbacteria bacterium RIFOXYA2_FULL_49_16
bacteria07318_HOIHKINN_01494	Candidatus Raymondbacteria bacterium RifOxyB12_full_50_8
bacteria07319_JAIABBBB_00276	Candidatus Raymondbacteria bacterium RifOxyC12_full_50_8
bacteria07723_OPNEJAKG_01976	Candidatus Raymondbacteria bacterium RIFOXYB2_FULL_49_35
bacteria13121_MLOHGGEE_02504	Desulfobulbaceae bacterium UBA2775
bacteria20486_GGILCKEN_01186	Ignavibacteriae bacterium
bacteria20497_OLMAJDFE_00666	Ignavibacteriae bacterium
bacteria12892_OAIDDKBG_01252	Desulfobulbaceae bacterium UBA2270
bacteria23318_FOAOBJFO_02051	Deltaproteobacteria
bacteria20888_CJNCAAOC_02346	Myxococcales bacterium
bacteria16738_FLMMGHID_02322	Anaerolineales bacterium UBA6131
bacteria16379_OHANDBDB_00855	Desulfovibrio sp. UBA6079
bacteria08683_BNOMDPLH_01891	Spirochaetes bacterium GWF1_51_8
bacteria07840_GIBNANDF_01940	Elusimicrobia bacterium GWD2_63_28
bacteria23259_DNGAMEGP_03523	Chloroflexi
bacteria07807_GKIHEHJJ_00854	Deltaproteobacteria bacterium RIFOXYD12_FULL_50_9
bacteria20068_EAGCLGCC_00365	Actinobacteria bacterium
bacteria20885_LIDIFIHF_04589	Myxococcales bacterium
bacteria20842_LGIKCIPP_02822	Solibacterales bacterium
bacteria20480_EANMDLCC_06185	Solibacterales bacterium
bacteria20697_NBOIKECE_03323	Spirochaetaceae bacterium
bacteria01181_FEOPKKAO_00390	Desulfomicrobium baculatum DSM 4028 
bacteria08078_APLJNDNC_02417	Lentisphaerae bacterium GWF2_57_35
bacteria20622_BLMGPDPC_03363	Ignavibacteriae bacterium
bacteria20745_LPMOHICJ_00765	Ignavibacteriae bacterium
bacteria07828_GGDEPPKL_00623	Elusimicrobia bacterium GWA2_64_40
bacteria07831_DIBIALAF_00817	Elusimicrobia bacterium GWB2_63_16
bacteria20678_HJHJLBOA_04270	Myxococcales bacterium
bacteria20901_LAJMINCF_07509	Myxococcales bacterium
bacteria12079_FFANFGDG_01398	Syntrophaceae bacterium UBA2188
bacteria15219_JPNPOFOB_01140	Syntrophaceae bacterium UBA4816
bacteria08669_HAAJJNDE_00629	Spirochaetes bacterium GWB1_27_13
bacteria08741_GGCJBJHD_02401	Spirochaetes bacterium GWD1_27_9
bacteria07704_GHGLCPEJ_01645	Chloroflexi bacterium RIFOXYD12_FULL_57_15
bacteria12907_GJKNJBGJ_00079	Anaerolineales bacterium UBA2232
bacteria23299_PDBCHJKO_00299	Lentisphaerae
bacteria21165_LOEDEDJK_03963	Syntrophaceae bacterium
bacteria17823_EJLFLBNA_01295	Actinobacteria bacterium UBA7524
bacteria23305_CNFILJGF_03106	Deltaproteobacteria
bacteria07733_BJBOJEHG_00947	Deltaproteobacteria bacterium RBG_13_52_11
bacteria11135_MHODFLHP_01487	Geobacter sp. UBA698
bacteria17348_HKPJBJBL_00314	Desulfovibrionaceae bacterium UBA6814
bacteria12866_ENEBHGDA_00130	Desulfobulbaceae bacterium UBA2248
bacteria15898_MJJEJNPA_02797	Desulfobulbaceae bacterium UBA5750
bacteria23275_HBAOMGGO_03341	Lentisphaerae
bacteria14344_FDDDECAE_01480	Desulfobulbaceae bacterium UBA4056
bacteria23273_CEHCFAAK_02781	
bacteria07835_KEHNKBEM_00851	Elusimicrobia bacterium GWC2_61_19
bacteria07832_EGCLJCLG_02416	Elusimicrobia bacterium GWB2_63_22
bacteria14256_BPIMLLMO_00756	Bacteroidales bacterium UBA4133
bacteria15803_PAOGNADJ_03197	Bacteroidales bacterium UBA5072
bacteria20867_MPFFFDMH_00499	Anaerolineaceae bacterium
bacteria23303_GDLDPDNA_02044	Lentisphaerae
bacteria15886_CEJILMAL_00913	Spirochaetia bacterium UBA5763
bacteria07862_NGEIJBHL_00417	Elusimicrobia bacterium RIFOXYA2_FULL_40_6
bacteria15783_KOJHBLEA_00764	Desulfobulbaceae bacterium UBA5123
bacteria12041_HEKEGLFP_01248	Desulfobulbaceae bacterium UBA2213
bacteria15658_KMPNBMIA_01228	Desulfomicrobium sp. UBA5193
bacteria11330_HNCOILFL_02531	Spirochaetaceae bacterium UBA1318
bacteria23286_KGGPGENJ_00952	Lentisphaerae
bacteria08687_MEMNDDNC_01793	Spirochaetes bacterium RBG_16_49_21
bacteria08020_EPMNHHLF_00788	Nitrospirae bacterium GWC2_56_14
bacteria22930_MKOHKKEO_03046	Pseudodesulfovibrio profundus 
bacteria11124_LCJDNCCG_03036	Desulfovibrio sp. UBA728
bacteria11313_HCBAGGMI_02397	Desulfovibrio sp. UBA1335
bacteria17632_MNACEMME_00260	Desulfovibrio sp. UBA7315
bacteria07731_GHADDMFE_00956	Deltaproteobacteria bacterium RBG_13_49_15
bacteria20480_EANMDLCC_01618	Solibacterales bacterium
bacteria20830_KGHCLKHF_03809	Opitutae bacterium
bacteria23290_GGMOALBP_02740	Deltaproteobacteria
bacteria20689_OGCKFECM_02372	Opitutae bacterium
bacteria17823_EJLFLBNA_01487	Actinobacteria bacterium UBA7524
bacteria07719_AFABMDED_00188	Deltaproteobacteria bacterium GWB2_55_19
bacteria21130_JLLBPIIL_01844	Fibrobacteres bacterium
bacteria07594_DANIKHCL_03007	Chloroflexi bacterium GWD2_49_16
bacteria07662_LLMCPGPE_00357	Chloroflexi bacterium GWB2_49_20
bacteria07664_CNDOKAND_00876	Chloroflexi bacterium GWC2_49_37
bacteria20733_BCPNPANF_02104	Actinobacteria bacterium
bacteria20693_BMKINFAN_01741	Actinobacteria bacterium
bacteria11166_GHGMGMAB_01674	Candidatus Aminicenantes bacterium UBA647
bacteria00190_CFPOILFJ_01320	Actinobacteria
bacteria20454_AODCKDNA_00940	Spirochaetaceae bacterium
bacteria21170_MLKPLHMF_00823	Syntrophobacteraceae bacterium
bacteria15722_MJJIEDGG_00898	Desulfobulbaceae bacterium UBA5121
bacteria17162_JODGPGPM_01064	Desulfobulbaceae bacterium UBA6913
bacteria07320_PGGGNIJL_03634	Candidatus Raymondbacteria bacterium RIFOXYD12_FULL_49_13
bacteria08688_IDEJJFEN_00683	Spirochaetes bacterium RBG_16_67_19
bacteria21401_PJHFALAO_03227	Spirochaetaceae bacterium
bacteria20231_AHOIDMMI_02175	Myxococcales bacterium
bacteria20749_OJBJBPBN_04655	Myxococcales bacterium
bacteria20898_DINFGHDF_03985	Myxococcales bacterium
bacteria11134_DMLNDOLK_01535	Clostridium sp. UBA699
bacteria07713_PLBPDNAA_00227	Deltaproteobacteria bacterium GWA2_43_19
bacteria07754_NKBHPEPN_01325	Deltaproteobacteria bacterium RIFCSPHIGHO2_02_FULL_43_33
bacteria07830_JIHIKGLL_00683	Elusimicrobia bacterium GWA2_69_24
bacteria23279_PDPDEDFA_01187	Actinobacteria
bacteria07622_ALMAINJA_00288	Deltaproteobacteria bacterium GWA2_54_12
bacteria23284_LHLNCGCK_05135	Lentisphaerae
bacteria20671_BBBELNBI_01127	Elusimicrobia bacterium
bacteria20695_OFGBOAGO_01421	Elusimicrobia bacterium
bacteria08673_EEDIGCND_01350	Spirochaetes bacterium GWB1_66_5
bacteria07725_BDPGHGIK_00082	Deltaproteobacteria bacterium GWD2_42_10
bacteria07729_PGKIKMKE_02029	Deltaproteobacteria bacterium GWF2_42_12
bacteria07753_LCEKKGJM_00741	Deltaproteobacteria bacterium RIFCSPHIGHO2_02_FULL_42_44
bacteria07777_EKBMKGAI_00925	Deltaproteobacteria bacterium RIFOXYA2_FULL_42_10
bacteria08141_CBLPHBFD_01708	Deltaproteobacteria bacterium RIFCSPLOWO2_02_FULL_42_39
bacteria08033_NLFBFICK_00264	Nitrospirae bacterium RIFOXYB2_FULL_43_5
bacteria08090_EJHGCLJB_01568	Nitrospirae bacterium GWF2_44_13
bacteria08100_ENBIFBOI_01137	Nitrospirae bacterium RIFOXYC2_FULL_44_7
bacteria23283_FOLKBMHG_06960	Lentisphaerae
bacteria20701_MKNEBMHC_01628	Actinobacteria bacterium
bacteria08719_EKLMFBJK_00419	Treponema sp. GWA1_62_8
bacteria08763_KDPJDAJA_01845	Treponema sp. GWB1_62_6
bacteria08685_DHIBHHLI_00755	Spirochaetes bacterium RBG_13_51_14
bacteria20819_PGPGJHPN_03141	Actinobacteria bacterium
bacteria23258_EAGAIOHM_00384	Bacteroidetes
bacteria08032_OFDHPKAJ_00722	Nitrospirae bacterium RIFOXYA2_FULL_44_9
bacteria16238_NHBCAGFE_03734	Spirochaetia bacterium UBA5550
bacteria11230_JOOIPKHE_02572	Syntrophaceae bacterium UBA1411
bacteria05316_PIAEFDGE_00517	Deltaproteobacteria bacterium GWC2_55_46
bacteria07623_BFCGPDCD_01254	Deltaproteobacteria bacterium GWA2_55_82
bacteria07767_HMBPMONI_02460	Deltaproteobacteria bacterium RIFCSPLOWO2_02_FULL_55_12
bacteria08027_EMEEJDOO_01858	Nitrospirae bacterium RBG_19FT_COMBO_55_12
bacteria21399_AJGDKHMH_00368	Nitrospiraceae bacterium
bacteria12801_ECDPJDFI_01870	Actinobacteria bacterium UBA2286
bacteria12864_EDJGACNG_00960	Desulfobulbaceae bacterium UBA2262
bacteria07716_LMFFIDBJ_00933	Deltaproteobacteria bacterium GWA2_55_10
bacteria16176_BOIEHMEO_01325	Desulfobulbaceae bacterium UBA5611
bacteria23289_ACKOEBDD_00438	Clostridiales
bacteria08678_CCLJLNDJ_00211	Spirochaetes bacterium GWE1_32_154
bacteria08679_OBJCHFBD_01083	Spirochaetes bacterium GWE2_31_10
bacteria08680_AADKKFBL_00664	Spirochaetes bacterium GWF1_31_7
bacteria08689_GMBMALBE_00886	Spirochaetes bacterium RIFOXYB1_FULL_32_8
bacteria07857_MPBCOEAA_01894	Elusimicrobia bacterium RIFOXYA12_FULL_49_49
bacteria07861_NCGABLOG_00424	Elusimicrobia bacterium RIFOXYA2_FULL_47_53
bacteria07867_ENHFGELK_01286	Elusimicrobia bacterium RIFOXYB1_FULL_48_9
bacteria07868_FCAMBAOI_01130	Elusimicrobia bacterium RIFOXYB12_FULL_50_12
bacteria07869_CEIFCGGE_01608	Elusimicrobia bacterium RIFOXYB2_FULL_46_23
bacteria23301_DAFDFFFM_01928	Lentisphaerae
bacteria07821_GPJDANHC_01070	Desulfuromonadales bacterium GWD2_54_10
bacteria23285_FIMPGIOI_03425	Lentisphaerae
bacteria17275_EKNGEILP_00890	Nitrospiraceae bacterium UBA6905
bacteria08671_FCMKJLNC_03251	Spirochaetes bacterium GWB1_59_5
bacteria20803_KGEFNHEA_02200	Nitrospiraceae bacterium
bacteria20880_AIKBOJLO_03504	Nitrospiraceae bacterium
bacteria21013_BLBEHFJK_00263	Nitrospiraceae bacterium
bacteria21399_AJGDKHMH_01140	Nitrospiraceae bacterium
bacteria06441_BEBBBGFA_00850	candidate division KSB1 bacterium RBG_16_48_16
bacteria21278_OFOICEGE_02290	candidate division FCPU426 bacterium
bacteria06383_LODNLDDP_00979	Bdellovibrionales bacterium RIFOXYC1_FULL_54_43
bacteria06389_LOOLFIPA_00692	Bdellovibrionales bacterium RIFOXYD1_FULL_55_31
bacteria08629_JLOMBFIF_03420	Planctomycetes bacterium RBG_16_64_12
bacteria20738_LHKBJEKK_01037	Syntrophaceae bacterium
bacteria07941_PBDKCJIA_00984	Geobacteraceae bacterium GWB2_52_12
bacteria08744_HLJLEFOA_02613	Spirochaetes bacterium RIFOXYC1_FULL_54_7
bacteria11908_GDAPEHEG_02188	Elusimicrobia bacterium UBA1565
bacteria08015_GCBOONNB_02080	Nitrospirae bacterium GWA2_46_11
bacteria08017_EBCAKKNK_02492	Nitrospirae bacterium GWB2_47_37
bacteria13733_KINGMADF_02393	Clostridium tunisiense
bacteria14584_NKNECMAO_03868	Clostridium sp. UBA4548
bacteria20685_FKNBAFMF_00379	Candidatus Aminicenantes bacterium
bacteria12076_IFDCMDEF_00056	Anaerolineales bacterium UBA2200
bacteria11342_OHBKIEGN_02023	Spirochaetaceae bacterium UBA1306
bacteria23271_MNLOILNN_00797	Actinobacteria
bacteria08626_ALBEEECE_03677	Planctomycetes bacterium RBG_13_63_9
bacteria15853_CEJDHOAI_01526	Deltaproteobacteria bacterium UBA5799
bacteria20914_ALJEKHMF_01269	candidate division FCPU426 bacterium
bacteria08707_PAEGGFCP_01760	Syntrophus sp. GWC2_56_31
bacteria21187_AAGFGJFP_01997	Fibrobacteres bacterium
bacteria11097_CKJHNKFG_03237	Desulfarculales bacterium UBA702
bacteria14346_AKANGMCH_00370	Firmicutes bacterium UBA4049
bacteria14343_LHMINLHM_01534	Geobacter sp. UBA4057
bacteria08672_LODPENPG_00689	Spirochaetes bacterium GWB1_60_80
bacteria08675_DHIMOJLO_01921	Spirochaetes bacterium GWC1_61_12
bacteria08677_OBFPGMHC_00819	Spirochaetes bacterium GWD1_61_31
bacteria08742_DAABBCGH_02265	Spirochaetes bacterium GWE1_60_18
bacteria08743_FJJKKDCD_02456	Spirochaetes bacterium GWF1_60_12
bacteria15651_NDEHPAAO_02737	Spirochaetaceae bacterium UBA5200
bacteria20697_NBOIKECE_02192	Spirochaetaceae bacterium
bacteria21019_OCHCIKMJ_00749	Bacteroidales bacterium
bacteria20804_KNFHDFJD_02274	Nitrospiraceae bacterium
bacteria17349_AJJLGFMP_00685	Firmicutes bacterium UBA6813
bacteria21037_EGBIPAKA_01428	Dehalococcoidia bacterium
bacteria23298_ILJAPPGM_00647	Margulisbacteria
bacteria20625_KNIBPOEI_02541	Bacteroidales bacterium
bacteria08681_DLEDENOF_03049	Spirochaetes bacterium GWF1_41_5
bacteria20664_OAPPGNJA_01921	Candidatus Aminicenantes bacterium
bacteria15437_BLIIIDKO_00462	Spirochaetia bacterium UBA5368
bacteria07870_GOPKJPIH_00343	Elusimicrobia bacterium RIFOXYB2_FULL_48_7
